75.0000,-0.0000,300.0000
75.0000,-0.0000,0.0000
74.3308,9.9965,300.0000
72.3352,19.8147,300.0000
69.0487,29.2792,300.0000
64.5301,38.2212,300.0000
58.8600,46.4812,300.0000
52.1394,53.9118,300.0000
44.4885,60.3803,300.0000
36.0436,65.7712,300.0000
26.9556,69.9885,300.0000
17.3865,72.9569,300.0000
7.5072,74.6233,300.0000
-2.5061,74.9581,300.0000
-12.4747,73.9553,300.0000
-22.2207,71.6327,300.0000
-31.5701,68.0318,300.0000
-40.3562,63.2169,300.0000
-48.4221,57.2739,300.0000
-55.6239,50.3089,300.0000
-61.8331,42.4460,300.0000
-66.9389,33.8258,300.0000
-70.8502,24.6019,300.0000
-73.4971,14.9389,300.0000
-74.8325,5.0094,300.0000
-74.8325,-5.0094,300.0000
-73.4971,-14.9389,300.0000
-70.8502,-24.6019,300.0000
-66.9389,-33.8258,300.0000
-61.8331,-42.4460,300.0000
-55.6239,-50.3089,300.0000
-48.4221,-57.2739,300.0000
-40.3562,-63.2169,300.0000
-31.5701,-68.0318,300.0000
-22.2207,-71.6327,300.0000
-12.4747,-73.9553,300.0000
-2.5061,-74.9581,300.0000
7.5072,-74.6233,300.0000
17.3865,-72.9569,300.0000
26.9556,-69.9885,300.0000
36.0436,-65.7712,300.0000
44.4885,-60.3803,300.0000
52.1394,-53.9118,300.0000
58.8600,-46.4812,300.0000
64.5301,-38.2212,300.0000
69.0487,-29.2792,300.0000
72.3352,-19.8147,300.0000
74.3308,-9.9965,300.0000
75.0000,-0.0000,10.0000
75.0000,-0.0000,20.0000
75.0000,-0.0000,30.0000
75.0000,-0.0000,40.0000
75.0000,-0.0000,50.0000
75.0000,-0.0000,60.0000
75.0000,-0.0000,70.0000
75.0000,-0.0000,80.0000
75.0000,-0.0000,90.0000
75.0000,-0.0000,100.0000
75.0000,-0.0000,110.0000
75.0000,-0.0000,120.0000
75.0000,-0.0000,130.0000
75.0000,-0.0000,140.0000
75.0000,-0.0000,150.0000
75.0000,-0.0000,160.0000
75.0000,-0.0000,170.0000
75.0000,-0.0000,180.0000
75.0000,-0.0000,190.0000
75.0000,-0.0000,200.0000
75.0000,-0.0000,210.0000
75.0000,-0.0000,220.0000
75.0000,-0.0000,230.0000
75.0000,-0.0000,240.0000
75.0000,-0.0000,250.0000
75.0000,-0.0000,260.0000
75.0000,-0.0000,270.0000
75.0000,-0.0000,280.0000
75.0000,-0.0000,290.0000
74.3308,9.9965,0.0000
72.3352,19.8147,0.0000
69.0487,29.2792,0.0000
64.5301,38.2212,0.0000
58.8600,46.4812,0.0000
52.1394,53.9118,0.0000
44.4885,60.3803,0.0000
36.0436,65.7712,0.0000
26.9556,69.9885,0.0000
17.3865,72.9569,0.0000
7.5072,74.6233,0.0000
-2.5061,74.9581,0.0000
-12.4747,73.9553,0.0000
-22.2207,71.6327,0.0000
-31.5701,68.0318,0.0000
-40.3562,63.2169,0.0000
-48.4221,57.2739,0.0000
-55.6239,50.3089,0.0000
-61.8331,42.4460,0.0000
-66.9389,33.8258,0.0000
-70.8502,24.6019,0.0000
-73.4971,14.9389,0.0000
-74.8325,5.0094,0.0000
-74.8325,-5.0094,0.0000
-73.4971,-14.9389,0.0000
-70.8502,-24.6019,0.0000
-66.9389,-33.8258,0.0000
-61.8331,-42.4460,0.0000
-55.6239,-50.3089,0.0000
-48.4221,-57.2739,0.0000
-40.3562,-63.2169,0.0000
-31.5701,-68.0318,0.0000
-22.2207,-71.6327,0.0000
-12.4747,-73.9553,0.0000
-2.5061,-74.9581,0.0000
7.5072,-74.6233,0.0000
17.3865,-72.9569,0.0000
26.9556,-69.9885,0.0000
36.0436,-65.7712,0.0000
44.4885,-60.3803,0.0000
52.1394,-53.9118,0.0000
58.8600,-46.4812,0.0000
64.5301,-38.2212,0.0000
69.0487,-29.2792,0.0000
72.3352,-19.8147,0.0000
74.3308,-9.9965,0.0000
73.7583,13.5907,291.3672
71.1180,23.8165,291.1176
67.1353,33.4343,291.2882
62.0099,42.1874,291.2382
55.7717,50.1449,291.2596
48.5203,57.1907,291.3017
40.4105,63.1822,291.3149
31.5978,68.0190,291.3105
22.2355,71.6281,291.3055
12.4838,73.9537,291.3067
2.5122,74.9579,291.3069
-7.5030,74.6238,291.3101
-17.3836,72.9576,291.3135
-26.9536,69.9893,291.3165
-36.0424,65.7719,291.3190
-44.4877,60.3808,291.3211
-52.1390,53.9122,291.3243
-58.8598,46.4815,291.3229
-64.5301,38.2214,291.3229
-69.0487,29.2792,291.3229
-72.3352,19.8147,291.3230
-74.3308,9.9966,291.3230
-75.0000,0.0001,291.3230
-74.3308,-9.9964,291.3231
-72.3352,-19.8145,291.3231
-69.0488,-29.2790,291.3233
-64.5303,-38.2210,291.3234
-58.8602,-46.4809,291.3236
-52.1399,-53.9113,291.3239
-44.4893,-60.3796,291.3242
-36.0452,-65.7704,291.3245
-26.9587,-69.9874,291.3249
-17.3923,-72.9555,291.3254
-7.5175,-74.6223,291.3262
2.4889,-74.9587,291.3275
12.4485,-73.9597,291.3303
22.1839,-71.6441,291.3272
31.5221,-68.0541,291.3217
40.2959,-63.2554,291.3113
48.3458,-57.3384,291.3029
55.5294,-50.4131,291.3176
61.7407,-42.5803,291.3492
66.9035,-33.8958,291.2556
70.8809,-24.5131,290.9726
73.4509,-15.1646,291.5553
74.6927,-6.7828,293.2136
74.4822,-8.7979,13.7857
74.4988,-8.6558,34.8672
74.5001,-8.6454,55.0508
74.4888,-8.7414,74.9871
74.4916,-8.7180,94.9766
74.4958,-8.6823,114.9880
74.4978,-8.6650,134.9960
74.4985,-8.6588,154.9961
74.4998,-8.6471,174.9805
74.5047,-8.6055,194.9420
74.5133,-8.5308,214.8835
74.5149,-8.5166,234.8350
74.5142,-8.5225,254.7637
74.4623,-8.9649,275.0299
74.5265,-8.4139,284.7341
73.7118,13.8408,8.8746
66.9498,33.8043,8.7651
55.5175,50.4263,8.5687
40.2856,63.2619,8.6196
22.1887,71.6426,8.6527
2.4937,74.9585,8.6710
-17.3896,72.9562,8.6762
-36.0447,65.7706,8.6761
-52.1399,53.9113,8.6759
-64.5302,38.2211,8.6764
-72.3352,19.8147,8.6770
-75.0000,0.0001,8.6773
-72.3352,-19.8147,8.6774
-64.5300,-38.2215,8.6777
-52.1388,-53.9124,8.6781
-36.0417,-65.7723,8.6790
-17.3801,-72.9584,8.6818
2.5225,-74.9576,8.6936
22.2387,-71.6271,8.7129
40.3554,-63.2174,8.7445
55.5440,-50.3971,8.6955
66.8425,-34.0159,8.6140
73.1962,-16.3498,8.3728
74.5182,8.4875,16.5417
74.4590,8.9924,25.5270
74.4903,8.7289,35.4768
74.5090,8.5677,45.5280
74.5168,8.4997,55.5490
74.5215,8.4586,65.5663
74.5222,8.4519,75.5740
74.5217,8.4568,85.5772
74.5212,8.4612,95.5798
74.5211,8.4622,105.5828
74.5212,8.4609,115.5853
74.5215,8.4585,125.5867
74.5218,8.4558,135.5868
74.5221,8.4529,145.5857
74.5225,8.4499,155.5837
74.5228,8.4472,165.5811
74.5229,8.4462,175.5780
74.5226,8.4489,185.5737
74.5216,8.4573,195.5670
74.5198,8.4733,205.5569
74.5169,8.4993,215.5432
74.5122,8.5404,225.5285
74.5046,8.6059,235.5151
74.4946,8.6923,245.4913
74.4890,8.7401,255.4169
74.4961,8.6798,265.2606
74.4929,8.7068,274.9935
74.4916,-8.7176,65.0138
74.4515,-9.0542,24.4070
74.5095,-8.5633,45.0434
74.4895,-8.7358,84.9762
74.4940,-8.6971,104.9829
74.4971,-8.6705,124.9937
74.4982,-8.6611,144.9978
74.4989,-8.6555,164.9923
74.5018,-8.6305,184.9634
74.5093,-8.5652,204.9077
74.5152,-8.5138,224.8629
74.5146,-8.5193,244.7882
74.4997,-8.6484,264.8494
48.3263,57.3548,8.5948
71.0063,24.1475,9.1977
61.7485,42.5691,8.5779
31.5214,68.0544,8.6389
12.4536,73.9588,8.6635
-7.5131,74.6227,8.6750
-26.9575,69.9878,8.6764
-44.4892,60.3797,8.6760
-58.8602,46.4810,8.6760
-69.0487,29.2792,8.6766
-74.3308,9.9966,8.6772
-74.3308,-9.9965,8.6773
-69.0487,-29.2793,8.6774
-58.8597,-46.4816,8.6778
-44.4875,-60.3810,8.6784
-26.9524,-69.9898,8.6798
-7.4969,-74.6244,8.6860
12.4933,-73.9521,8.7026
31.5831,-68.0258,8.7265
48.3898,-57.3012,8.7485
61.7225,-42.6067,8.5930
70.7375,-24.9239,8.8387
74.5527,8.1787,283.7802
72.9779,-17.2981,99.9606
69.3560,28.5437,282.8114
64.8785,37.6269,282.4804
59.2011,46.0460,282.4746
52.3743,53.6836,282.6096
44.6235,60.2806,282.6546
36.1167,65.7312,282.6371
26.9963,69.9728,282.6152
17.4108,72.9511,282.6073
7.5227,74.6218,282.6094
-2.4962,74.9584,282.6155
-12.4683,73.9563,282.6228
-22.2165,71.6340,282.6296
-31.5674,68.0331,282.6353
-40.3545,63.2180,282.6398
-48.4212,57.2747,282.6433
-55.6234,50.3094,282.6451
-61.8329,42.4463,282.6455
-66.9389,33.8259,282.6457
-70.8502,24.6019,282.6458
-73.4971,14.9390,282.6459
-74.8325,5.0095,282.6459
-74.8325,-5.0093,282.6460
-73.4972,-14.9388,282.6461
-70.8503,-24.6016,282.6463
-66.9391,-33.8254,282.6465
-61.8334,-42.4456,282.6469
-55.6245,-50.3082,282.6473
-48.4231,-57.2730,282.6479
-40.3582,-63.2157,282.6485
-31.5740,-68.0300,282.6490
-22.2282,-71.6303,282.6496
-12.4891,-73.9528,282.6503
-2.5318,-74.9573,282.6515
7.4646,-74.6276,282.6534
17.3217,-72.9723,282.6538
26.8661,-70.0229,282.6487
35.9302,-65.8333,282.6321
44.3513,-60.4811,282.6009
51.9698,-54.0753,282.5803
58.6426,-46.7551,282.6468
64.3025,-38.6029,282.7808
68.9806,-29.4394,282.4191
72.6442,-18.6498,281.0944
72.6732,18.5367,19.3348
72.9821,-17.2806,29.8546
72.9688,-17.3366,89.9513
72.9583,-17.3807,69.9668
72.5805,-18.8965,18.4456
-31.5730,68.0305,17.3529
72.9935,-17.2323,119.9865
73.0266,-17.0915,50.1480
72.9990,-17.2089,139.9962
72.9584,-17.3803,79.9435
73.0008,-17.2013,159.9922
73.0070,-17.1749,179.9571
73.0309,-17.0729,199.8638
73.0669,-16.9183,219.7409
73.0618,-16.9404,239.6170
73.0743,-16.8862,259.3972
64.2972,38.6118,17.1281
-48.4232,57.2730,17.3519
51.9291,54.1144,17.1764
35.9348,65.8308,17.2686
7.4798,74.6261,17.3400
69.0045,29.3834,17.7154
44.3279,60.4982,17.2301
73.0759,-16.8794,40.2073
-12.4827,73.9539,17.3529
-2.5198,74.9577,17.3496
-22.2253,71.6312,17.3533
36.0662,-65.7589,17.4699
-40.3580,63.2158,17.3522
58.6015,46.8067,17.1121
-61.8333,42.4458,17.3525
-70.8501,24.6020,17.3538
-74.8325,5.0097,17.3546
-73.4971,-14.9389,17.3548
-66.9387,-33.8261,17.3551
-55.6230,-50.3098,17.3560
-40.3532,-63.2188,17.3575
-22.2118,-71.6354,17.3603
-2.4794,-74.9590,17.3761
52.0660,-53.9827,17.5294
26.9897,-69.9754,17.4369
44.4851,-60.3828,17.5259
72.8498,17.8301,281.5474
64.2920,-38.6205,17.0342
73.0025,-17.1939,169.9820
72.9871,-17.2591,109.9754
73.0001,-17.2043,149.9975
72.9970,-17.2173,129.9924
72.9779,-17.2983,60.0360
72.9395,17.4595,30.7865
73.0365,17.0492,41.1229
73.0625,16.9374,51.1408
73.0917,16.8106,61.1714
73.0970,16.7878,71.1780
73.0945,16.7988,81.1789
73.0916,16.8111,91.1831
73.0905,16.8159,101.1907
73.0907,16.8150,111.1978
73.0916,16.8111,121.2024
73.0927,16.8063,131.2041
73.0939,16.8011,141.2030
73.0953,16.7951,151.1995
73.0968,16.7888,161.1943
73.0979,16.7840,171.1877
73.0977,16.7848,181.1792
73.0952,16.7956,191.1667
73.0895,16.8205,201.1467
73.0798,16.8624,211.1164
73.0652,16.9257,221.0768
73.0424,17.0238,231.0375
73.0040,17.1876,241.0149
72.9531,17.4024,250.9880
72.9466,17.4296,260.8389
73.0343,17.0583,270.5921
17.3371,72.9687,17.3220
17.4274,-72.9472,17.4163
73.0521,-16.9822,209.7897
73.0168,-17.1333,189.9126
73.0689,-16.9094,229.6982
73.0603,-16.9469,249.4998
72.9773,-17.3006,269.6730
26.8748,70.0196,17.2970
-73.4971,14.9392,17.3542
-55.6245,50.3082,17.3522
-66.9389,33.8258,17.3531
-74.8325,-5.0093,17.3546
-70.8501,-24.6020,17.3548
-61.8327,-42.4466,17.3555
-48.4206,-57.2751,17.3564
-31.5656,-68.0339,17.3581
-12.4605,-73.9577,17.3645
7.5446,-74.6196,17.3948
68.9320,-29.5530,17.2658
58.6800,-46.7082,17.3392
70.8314,-24.6558,35.8658
62.4596,41.5186,273.4825
56.0418,49.8429,273.9198
48.6671,57.0659,274.0561
40.5018,63.1237,273.9984
31.6627,67.9888,273.9331
22.2786,71.6147,273.9040
12.5102,73.9493,273.9006
2.5271,74.9574,273.9096
-7.4948,74.6246,273.9218
-17.3788,72.9587,273.9340
-26.9505,69.9905,273.9450
-36.0404,65.7730,273.9539
-44.4866,60.3816,273.9605
-52.1385,53.9127,273.9647
-58.8595,46.4818,273.9669
-64.5300,38.2215,273.9678
-69.0487,29.2793,273.9681
-72.3352,19.8147,273.9683
-74.3308,9.9966,273.9683
-75.0000,0.0002,273.9684
-74.3308,-9.9963,273.9686
-72.3353,-19.8143,273.9688
-69.0489,-29.2787,273.9692
-64.5305,-38.2206,273.9697
-58.8606,-46.4804,273.9704
-52.1406,-53.9107,273.9713
-44.4905,-60.3788,273.9723
-36.0474,-65.7692,273.9732
-26.9630,-69.9857,273.9738
-17.4013,-72.9534,273.9740
-7.5357,-74.6205,273.9741
2.4543,-74.9598,273.9747
12.3883,-73.9698,273.9759
22.0901,-71.6731,273.9754
31.3933,-68.1136,273.9649
40.1429,-63.3526,273.9269
48.1861,-57.4726,273.8477
55.3504,-50.6096,273.7874
61.4394,-43.0139,274.0136
66.3979,-34.8757,274.5209
70.3752,-25.9294,273.3764
-7.4781,-74.6263,26.0487
70.4342,-25.7687,84.9026
-58.8605,46.4805,26.0291
70.4849,-25.6297,104.9560
-36.0471,65.7694,26.0295
70.5241,-25.5216,144.9994
70.6728,-25.1068,214.6137
70.5723,-25.3880,194.8377
70.4086,-25.8384,74.8725
-69.0486,29.2795,26.0309
70.6872,-25.0663,234.4661
70.6568,-25.1518,254.0640
-69.0486,-29.2795,26.0330
70.5262,-25.5158,164.9872
61.5365,-42.8749,25.8401
70.6146,-25.2702,204.7419
70.3916,-25.8849,26.1248
70.4828,-25.6354,55.0214
-52.1408,53.9105,26.0287
70.4604,-25.6970,94.9297
-17.3952,72.9548,26.0321
70.7883,-24.7792,263.5769
22.1218,71.6633,25.9725
-74.3308,9.9968,26.0324
-74.3308,-9.9964,26.0328
-72.3352,-19.8147,26.0326
-58.8591,-46.4824,26.0341
-44.4849,-60.3829,26.0361
-26.9453,-69.9925,26.0385
31.4267,68.0982,25.9289
12.5500,-73.9425,26.1109
55.5384,-50.4033,26.4044
70.5439,-25.4669,184.9211
70.5249,-25.5194,154.9982
70.6574,25.1501,37.0668
70.5214,-25.5289,134.9958
70.4131,-25.8263,64.8938
70.5147,-25.5476,124.9883
70.6086,25.2869,46.8439
70.7361,24.9278,56.9008
70.7499,24.8888,66.8769
70.7419,24.9116,76.8567
70.7326,24.9380,86.8562
70.7280,24.9509,96.8702
70.7269,24.9540,106.8856
70.7283,24.9501,116.8970
70.7306,24.9435,126.9030
70.7332,24.9361,136.9038
70.7363,24.9274,146.8999
70.7401,24.9166,156.8919
70.7440,24.9054,166.8807
70.7462,24.8993,176.8671
70.7436,24.9066,186.8489
70.7335,24.9353,196.8207
70.7142,24.9900,206.7745
70.6853,25.0716,216.7045
70.6463,25.1812,226.6128
70.5880,25.3443,236.5308
70.4699,25.6710,246.5433
70.2855,26.1714,256.6571
70.3844,25.9044,266.3633
66.4434,-34.7890,25.0768
-72.3351,19.8152,26.0314
70.5312,-25.5021,174.9639
31.6227,-68.0074,26.1661
2.5589,-74.9563,26.0713
70.3155,26.0909,26.9940
22.2931,-71.6102,26.1475
-26.9606,69.9866,26.0308
-17.3694,-72.9610,26.0412
70.6493,-25.1729,45.3672
-64.5301,38.2212,26.0298
-64.5297,-38.2220,26.0338
12.4204,73.9644,26.0062
70.6353,-25.2123,244.3530
70.7030,-25.0218,224.5398
48.1590,57.4953,25.8359
61.3360,43.1613,25.6066
40.1611,63.3411,25.8839
70.8954,24.4712,275.0809
-7.5220,74.6218,26.0310
2.4795,74.9590,26.0246
-44.4907,60.3786,26.0286
55.2402,50.7299,25.7385
-75.0000,0.0003,26.0328
70.5025,-25.5811,114.9746
-36.0368,-65.7750,26.0377
-52.1372,-53.9139,26.0354
48.4512,-57.2493,26.4141
67.4664,32.7611,273.7512
40.4012,-63.1882,26.2375
66.3342,34.9968,25.5062
67.8221,32.0182,33.2755
52.4470,53.6126,265.6106
44.7239,60.2061,265.4322
36.2378,65.6645,265.2697
27.0858,69.9383,265.1970
17.4674,72.9376,265.1766
7.5520,74.6188,265.1853
-2.4822,74.9589,265.2024
-12.4613,73.9575,265.2219
-22.2123,71.6353,265.2410
-31.5646,68.0344,265.2581
-40.3528,63.2191,265.2714
-48.4203,57.2754,265.2805
-55.6232,50.3096,265.2858
-61.8329,42.4463,265.2883
-66.9389,33.8258,265.2893
-70.8502,24.6019,265.2897
-73.4971,14.9390,265.2898
-74.8325,5.0097,265.2899
-74.8325,-5.0091,265.2901
-73.4972,-14.9385,265.2905
-70.8504,-24.6012,265.2910
-66.9394,-33.8249,265.2917
-61.8339,-42.4449,265.2927
-55.6252,-50.3074,265.2941
-48.4242,-57.2721,265.2958
-40.3597,-63.2147,265.2975
-31.5766,-68.0288,265.2987
-22.2336,-71.6287,265.2988
-12.5012,-73.9508,265.2973
-2.5588,-74.9563,265.2947
7.4097,-74.6331,265.2926
17.2223,-72.9958,265.2926
26.7071,-70.0838,265.2926
35.7127,-65.9515,265.2774
44.1138,-60.6545,265.2040
51.7953,-54.2425,265.0086
58.5829,-46.8300,264.7811
64.0543,-39.0134,265.5375
68.0103,-31.6165,267.1360
67.5227,-32.6448,40.5030
67.1052,-33.4946,169.9840
-74.8325,5.0097,34.7120
66.8892,-33.9240,79.8018
-48.4169,-57.2783,34.7167
67.0759,-33.5534,119.9832
67.1563,-33.3920,249.1846
67.2150,-33.2739,199.7304
-61.8320,-42.4476,34.7140
67.0490,-33.6070,109.9665
67.4594,-32.7755,219.3357
-22.2292,71.6300,34.7112
68.0988,-31.4254,32.2841
67.3841,-32.9299,239.1862
-55.6252,50.3075,34.7066
67.0053,-33.6940,99.9327
66.8519,-33.9975,59.6130
-55.6217,-50.3113,34.7145
-66.9386,-33.8264,34.7127
17.2890,72.9801,34.6698
65.9697,35.6791,263.4221
-31.5565,-68.0381,34.7197
59.4758,45.6906,265.1963
66.9474,-33.8089,89.8756
-40.3473,-63.2226,34.7182
67.1474,-33.4100,189.8667
67.1036,-33.4978,160.0019
66.8429,-34.0152,69.7042
66.8567,33.9880,42.4218
67.5307,32.6283,52.8731
67.5254,32.6393,62.7008
67.5037,32.6841,72.6136
67.4794,32.7343,82.5941
67.4674,32.7589,92.6186
67.4602,32.7738,102.6475
67.4603,32.7735,112.6711
67.4643,32.7655,122.6866
67.4689,32.7559,132.6934
67.4742,32.7449,142.6918
67.4814,32.7302,152.6820
67.4908,32.7108,162.6650
67.4999,32.6920,172.6430
67.5023,32.6870,182.6169
67.4902,32.7120,192.5812
67.4586,32.7770,202.5231
67.4075,32.8821,212.4275
67.3400,33.0200,222.2824
67.2674,33.1678,232.0790
67.1751,33.3543,241.8846
66.8443,34.0123,252.0456
67.1046,-33.4959,150.0052
67.5022,-32.6873,229.2216
67.1031,-33.4989,140.0020
58.9481,-46.3694,35.4317
26.7892,70.0524,34.6105
67.0518,-33.6014,49.7728
-66.9388,33.8260,34.7087
67.3225,-33.0557,209.5497
67.1165,-33.4720,179.9466
67.0932,-33.5187,129.9947
-73.4970,14.9396,34.7105
-48.4244,57.2720,34.7057
-70.8499,24.6025,34.7096
36.0963,-65.7424,34.8502
64.2550,-38.6821,33.8774
17.5312,-72.9223,34.8587
-22.2019,-71.6385,34.7198
35.8130,65.8971,34.5381
-12.4882,73.9530,34.7136
-40.3600,63.2145,34.7067
58.3049,47.1756,34.2676
44.1967,60.5942,34.4810
67.3732,-32.9522,258.7115
51.7499,54.2858,34.4523
-74.8325,-5.0092,34.7123
7.4589,74.6282,34.7020
63.7874,39.4483,34.0379
52.3231,-53.7335,35.6570
-31.5761,68.0291,34.7089
-61.8335,42.4455,34.7076
27.0768,-69.9418,34.9080
7.6123,-74.6127,34.7747
-2.4460,-74.9601,34.7312
-12.4418,-73.9608,34.7213
-70.8501,-24.6020,34.7118
-73.4972,-14.9388,34.7121
62.5592,-41.3684,94.9033
-58.8611,46.4798,43.3864
40.7218,62.9820,256.6285
31.8341,67.9087,256.4906
22.4001,71.5768,256.4342
12.5688,73.9393,256.4375
2.5520,74.9566,256.4547
-7.4852,74.6255,256.4815
-17.3743,72.9598,256.5120
-26.9478,69.9915,256.5426
-36.0387,65.7739,256.5687
-44.4859,60.3822,256.5878
-52.1385,53.9127,256.5996
-58.8598,46.4814,256.6058
-64.5302,38.2210,256.6084
-69.0488,29.2790,256.6093
-72.3352,19.8146,256.6096
-74.3308,9.9967,256.6098
-75.0000,0.0004,256.6100
-74.3309,-9.9959,256.6104
-72.3354,-19.8138,256.6111
-69.0492,-29.2781,256.6120
-64.5310,-38.2197,256.6135
-58.8615,-46.4793,256.6155
-52.1418,-53.9095,256.6183
-44.4921,-60.3776,256.6215
-36.0494,-65.7681,256.6244
-26.9660,-69.9845,256.6257
-17.4077,-72.9519,256.6236
-7.5521,-74.6188,256.6170
2.4140,-74.9611,256.6070
12.3003,-73.9845,256.5977
21.9218,-71.7247,256.5953
31.1120,-68.2425,256.6019
39.7430,-63.6042,256.5960
47.7486,-57.8366,256.4821
55.1464,-50.8318,256.0208
62.1720,-41.9481,254.9646
-44.4773,-60.3885,43.4006
62.7777,-41.0360,135.0090
62.4518,-41.5303,84.8108
62.2593,-41.8185,64.3046
44.5772,-60.3148,35.0453
62.8741,-40.8882,43.4927
-36.0505,65.7675,43.3878
-2.5308,74.9573,34.7130
-58.8575,-46.4844,43.3969
62.7788,-41.0344,174.9898
-52.1339,-53.9171,43.3981
62.7538,-41.0726,124.9998
62.7135,-41.1342,114.9851
-64.5294,-38.2224,43.3950
63.0105,-40.6777,204.6122
-26.9650,69.9849,43.3907
61.2483,43.2857,42.5465
63.5647,-39.8062,223.8922
-75.0000,0.0001,43.3941
63.2698,-40.2732,214.2789
62.8687,-40.8965,194.8186
62.7767,-41.0376,165.0132
62.3391,-41.6994,74.6300
62.0540,42.1225,256.2807
63.7357,39.5318,49.7707
63.4632,39.9678,58.5739
63.4392,40.0058,68.3477
63.3745,40.1083,78.2998
63.3583,40.1338,88.3542
63.3304,40.1778,98.4019
63.3227,40.1900,108.4432
63.3282,40.1813,118.4765
63.3359,40.1692,128.4967
63.3438,40.1568,138.5035
63.3542,40.1403,148.4964
63.3707,40.1143,158.4747
63.3931,40.0789,168.4403
63.4120,40.0490,178.3987
63.4086,40.0544,188.3510
63.3667,40.1206,198.2832
63.2837,40.2514,208.1710
63.1681,40.4326,217.9940
63.0277,40.6510,227.7313
62.9471,40.7757,237.2823
62.9456,40.7781,246.5956
22.0577,71.6830,43.3304
62.7828,-41.0283,155.0169
63.0817,-40.5672,243.7846
63.5742,-39.7910,233.7026
62.7858,-41.0237,145.0128
62.2579,-41.8204,53.7840
62.8043,-40.9954,184.9305
-36.0244,-65.7818,43.4036
-74.3308,9.9969,43.3922
-52.1417,53.9096,43.3850
40.2965,-63.2550,43.2671
-69.0486,29.2796,43.3894
-69.0486,-29.2795,43.3938
31.3116,68.1512,43.2250
-17.3989,72.9539,43.3953
62.6494,-41.2316,104.9567
-44.4925,60.3773,43.3850
40.0009,63.4423,43.1056
-64.5305,38.2206,43.3884
48.7440,57.0002,256.9969
55.1744,50.8015,43.1709
31.7751,-67.9363,43.7071
55.7677,50.1494,257.5423
56.3286,-49.5185,46.5107
12.3924,73.9691,43.3877
12.6789,-73.9205,43.4908
22.5017,-71.5449,43.6969
2.6202,-74.9542,43.3965
-7.4403,-74.6300,43.3937
-74.3308,-9.9963,43.3939
-26.9261,-69.9999,43.4051
47.9911,57.6355,43.0362
58.4975,46.9366,52.6260
-55.6190,-50.3143,52.0836
27.3019,69.8542,247.6662
17.5656,72.9140,247.6695
7.5925,74.6147,247.6690
-2.4727,74.9592,247.6980
-12.4601,73.9577,247.7392
-22.2133,71.6350,247.7905
-31.5658,68.0338,247.8390
-40.3542,63.2182,247.8775
-48.4219,57.2740,247.9030
-55.6247,50.3080,247.9171
-61.8340,42.4448,247.9236
-66.9394,33.8248,247.9259
-70.8503,24.6014,247.9265
-73.4971,14.9390,247.9267
-74.8325,5.0099,247.9270
-74.8326,-5.0087,247.9276
-73.4973,-14.9379,247.9284
-70.8507,-24.6004,247.9296
-66.9399,-33.8238,247.9314
-61.8349,-42.4434,247.9343
-55.6268,-50.3056,247.9385
-48.4264,-57.2703,247.9440
-40.3622,-63.2130,247.9500
-31.5790,-68.0277,247.9549
-22.2360,-71.6279,247.9553
-12.5065,-73.9499,247.9472
-2.5766,-74.9557,247.9280
7.3567,-74.6383,247.9004
17.0936,-73.0261,247.8745
26.4424,-70.1840,247.8667
35.2352,-66.2079,247.8957
43.3577,-61.1973,247.9455
50.7839,-55.1905,247.8287
57.5292,-48.1185,246.8243
58.9467,-46.3712,237.5891
-72.3350,19.8154,43.3902
59.2796,-45.9449,228.1725
56.8071,-48.9689,69.4281
48.4670,-57.2359,44.0402
-31.5821,68.0262,52.0728
-66.9393,33.8249,52.0719
-7.5260,74.6214,43.4015
57.6005,-48.0331,130.0245
57.5454,-48.0991,120.0230
57.4596,-48.2016,110.0113
-72.3352,-19.8146,43.3932
45.2700,59.7966,247.9750
-61.8316,-42.4482,52.0815
58.0517,-47.4869,209.5818
-40.3324,-63.2321,52.0895
57.5974,-48.0368,180.0271
-61.8347,42.4438,52.0700
58.6201,-46.7834,218.9999
57.7730,-47.8255,199.8675
57.5912,-48.0442,170.0457
7.6920,-74.6045,51.9952
57.3284,-48.3576,99.9741
58.7162,46.6627,63.8157
58.4227,47.0296,73.7910
58.4791,46.9595,83.9525
58.3826,47.0794,94.0132
58.3465,47.1242,104.0682
58.3544,47.1143,114.1311
58.3669,47.0989,124.1772
58.3778,47.0854,134.2031
58.3901,47.0701,144.2085
58.4114,47.0437,154.1906
58.4497,46.9961,164.1460
58.5017,46.9314,174.0783
58.5358,46.8887,184.0020
58.5033,46.9294,193.9174
58.3829,47.0790,203.7908
58.1982,47.3072,213.5914
57.9776,47.5772,223.3202
57.6515,47.9719,233.0112
57.6088,-48.0231,160.0413
-17.3459,-72.9666,43.4016
57.6237,-48.0053,150.0304
56.7147,-49.0759,58.7434
57.6573,-47.9650,189.9591
57.1556,-48.5616,89.8970
-48.4103,-57.2839,52.0854
-55.6265,50.3060,52.0670
-74.8325,5.0093,52.0785
17.2678,72.9851,52.0912
36.5681,65.4811,247.8037
56.9484,-48.8045,79.7169
43.9356,-60.7837,50.7702
-40.3640,63.2119,52.0686
-70.8501,24.6020,52.0735
-66.9386,-33.8264,52.0799
26.7198,70.0789,51.9876
-22.2355,71.6281,52.0769
-31.5284,-68.0511,52.0942
2.4702,74.9593,43.4035
57.6200,-48.0097,140.0285
36.5657,-65.4825,52.4835
58.4356,47.0136,250.3359
50.3692,-55.5693,54.1497
17.7450,-72.8705,52.2495
35.6582,65.9810,51.7950
57.7418,47.8632,242.1929
-2.3747,-74.9624,52.0386
43.9433,60.7782,51.6069
-74.8325,-5.0094,52.0798
7.4562,74.6284,52.1142
12.5917,73.9354,238.8481
2.5462,74.9568,238.8588
-7.4948,74.6246,238.8937
-17.3880,72.9565,238.9742
-26.9596,69.9870,239.0579
-36.0485,65.7686,239.1323
-44.4936,60.3765,239.1849
-52.1441,53.9073,239.2159
-58.8634,46.4768,239.2310
-64.5321,38.2179,239.2368
-69.0496,29.2772,239.2384
-72.3354,19.8140,239.2388
-74.3308,9.9969,239.2392
-75.0000,0.0009,239.2399
-74.3310,-9.9952,239.2409
-72.3357,-19.8129,239.2424
-69.0497,-29.2768,239.2447
-64.5321,-38.2179,239.2483
-58.8634,-46.4769,239.2541
-52.1448,-53.9066,239.2624
-44.4960,-60.3747,239.2730
-36.0532,-65.7660,239.2844
-26.9682,-69.9837,239.2924
-17.4066,-72.9521,239.2897
-7.5493,-74.6191,239.2672
2.4066,-74.9614,239.2199
12.2511,-73.9926,239.1556
21.7734,-71.7699,239.0967
30.7732,-68.3960,239.0767
39.0615,-64.0250,239.1607
46.5068,-58.8398,239.3827
53.1194,-52.9465,239.4785
51.6221,-54.4074,125.0678
-12.4917,73.9524,52.0859
51.6893,-54.3435,145.0530
-64.5325,38.2172,60.7586
-73.4970,14.9394,52.0746
55.0261,-50.9620,232.0590
53.9562,52.0934,59.4350
51.4357,54.5836,51.4639
51.6742,-54.3578,135.0539
-2.5283,74.9574,52.1010
-48.4265,57.2702,52.0660
52.7043,53.3597,248.8155
51.5091,-54.5143,115.0910
32.2205,67.7262,238.7954
51.6261,-54.4035,185.1426
-58.8568,-46.4853,60.7752
-44.4640,-60.3983,60.7790
51.8761,-54.1652,205.2183
50.7597,-55.2128,84.9220
51.3473,-54.6668,105.0939
51.5962,-54.4319,175.1311
27.5889,-69.7413,52.8349
50.5945,55.3642,238.9275
-52.1309,-53.9200,60.7742
53.0109,53.0551,79.5256
52.6723,53.3913,89.3936
52.5463,53.5153,99.4122
52.5707,53.4914,109.5288
52.5916,53.4707,119.6205
52.6069,53.4557,129.6813
52.6193,53.4435,139.7149
52.6388,53.4243,149.7191
52.6834,53.3803,159.6836
52.7717,53.2931,169.5958
52.8910,53.1747,179.4618
52.9389,53.1269,189.3253
52.8026,53.2624,199.1749
52.5096,53.5513,208.9388
52.1826,53.8700,218.6316
51.8868,54.1550,228.2683
51.6367,-54.3935,165.0948
-12.3848,-73.9704,52.0792
51.6789,-54.3534,155.0594
51.7844,-54.2529,195.1169
51.0896,-54.9077,95.0515
50.4392,-55.5058,74.6917
52.2319,53.8222,68.7784
-73.4972,-14.9387,52.0794
22.4999,71.5455,238.8976
-75.0000,-0.0007,60.7719
-58.8636,46.4766,60.7534
-22.1562,-71.6527,52.0942
-36.0594,65.7626,60.7589
52.4478,-53.6118,214.9590
-64.5295,-38.2223,60.7726
22.0894,71.6733,60.8321
-26.9771,69.9803,60.7632
-35.9942,-65.7983,60.7844
-70.8502,-24.6019,52.0784
43.0827,-61.3912,59.5839
2.7589,-74.9492,60.6202
53.7447,-52.3116,224.0982
41.2851,62.6142,239.3298
31.2817,68.1649,60.6337
-74.3309,9.9962,60.7655
-69.0496,29.2772,60.7613
50.3327,-55.6023,64.4342
39.8388,63.5442,60.2676
12.4242,73.9638,60.8632
12.6222,-73.9302,60.3825
-74.3308,-9.9965,60.7725
-2.5126,74.9579,229.9568
-12.5008,73.9509,230.0586
-22.2516,71.6231,230.1834
-31.5983,68.0187,230.3213
-40.3795,63.2020,230.4247
-48.4398,57.2589,230.4895
-55.6360,50.2955,230.5234
-61.8401,42.4359,230.5375
-66.9421,33.8195,230.5419
-70.8512,24.5990,230.5428
-73.4972,14.9385,230.5432
-74.8325,5.0104,230.5441
-74.8326,-5.0078,230.5456
-73.4975,-14.9369,230.5475
-70.8511,-24.5992,230.5502
-66.9408,-33.8220,230.5544
-61.8368,-42.4407,230.5615
-55.6302,-50.3018,230.5729
-48.4316,-57.2658,230.5893
-40.3687,-63.2090,230.6098
-31.5847,-68.0251,230.6308
-22.2371,-71.6276,230.6437
-12.4968,-73.9515,230.6329
-2.5518,-74.9566,230.5787
7.3879,-74.6352,230.4740
17.0980,-73.0251,230.3437
26.3684,-70.2119,230.2345
35.0133,-66.3255,230.1861
42.7864,-61.5980,230.3997
49.5237,-56.3241,231.1272
-17.4118,72.9509,60.7685
44.9582,-60.0313,190.3857
45.0612,-59.9540,150.0745
-72.3354,19.8140,60.7632
27.2067,69.8913,230.2575
-44.4986,60.3728,60.7535
45.0574,-59.9569,140.0839
47.6258,57.9377,60.0663
44.8840,-60.0868,120.1786
-17.2485,-72.9896,60.7863
-7.5307,74.6210,60.7858
-52.1450,53.9064,60.7509
17.5180,72.9254,229.9823
45.4227,59.6806,231.9202
43.9221,-60.7935,90.2036
42.8044,-61.5856,69.5874
37.3295,65.0500,229.1978
45.0105,-59.9921,130.1112
44.8270,-60.1293,180.3293
-26.8674,-70.0224,60.7916
26.9067,70.0074,69.6439
46.3055,58.9983,84.5219
45.8649,59.3415,94.3509
46.0185,59.2224,104.6485
46.0486,59.1990,114.8187
46.0691,59.1831,124.9329
46.0826,59.1726,135.0123
46.0953,59.1627,145.0630
46.1270,59.1379,155.0754
46.2192,59.0660,165.0176
46.4200,58.9082,174.8475
46.6970,58.6890,184.5701
46.7060,58.6817,194.3275
46.2470,59.0442,204.0437
45.6757,59.4872,213.6136
45.2486,59.8127,223.1640
44.9172,-60.0620,170.2125
-7.2973,-74.6442,60.7372
33.5042,-67.1005,63.2486
45.0187,-59.9860,160.1059
43.3379,-61.2113,79.9760
44.6911,-60.2304,110.2373
7.5473,74.6193,229.9197
2.4840,74.9589,60.8245
45.4333,-59.6726,200.3470
-31.6008,68.0176,69.4608
-66.9426,33.8184,69.4568
-61.8321,-42.4475,69.4759
22.6987,-71.4826,61.2108
17.3844,72.9574,69.6869
-69.0487,-29.2793,60.7712
44.3830,-60.4578,100.2619
47.4058,58.1179,75.7617
-74.8324,-5.0105,69.4769
-74.8326,5.0081,69.4693
-48.4040,-57.2892,69.4743
-2.0093,-74.9731,69.3423
35.8121,65.8976,69.2243
-61.8388,42.4378,69.4477
-55.6185,-50.3148,69.4772
44.7412,-60.1932,211.5731
-40.3761,63.2042,69.4486
-40.3097,-63.2466,69.4772
8.0690,-74.5647,69.1380
-72.3353,-19.8144,60.7704
-17.4779,72.9351,221.1885
-27.0416,69.9554,221.3946
-36.1152,65.7320,221.5875
-44.5421,60.3407,221.7151
-52.1759,53.8765,221.7871
-58.8814,46.4541,221.8193
-64.5406,38.2035,221.8307
-69.0527,29.2698,221.8334
-72.3361,19.8113,221.8340
-74.3308,9.9967,221.8351
-75.0000,0.0019,221.8372
-74.3311,-9.9941,221.8399
-72.3360,-19.8118,221.8432
-69.0503,-29.2755,221.8479
-64.5334,-38.2157,221.8559
-58.8663,-46.4731,221.8697
-52.1504,-53.9011,221.8922
-44.5045,-60.3685,221.9241
-36.0635,-65.7604,221.9625
-26.9772,-69.9802,222.0002
-17.4074,-72.9519,222.0211
-7.5261,-74.6214,221.9919
2.4747,-74.9592,221.8711
12.3686,-73.9731,221.6556
21.9173,-71.7261,221.4316
30.9558,-68.3135,221.2965
39.4772,-63.7695,221.1571
47.1309,-58.3411,221.9218
-12.1521,-74.0090,69.4664
-70.8515,24.5980,69.4600
-22.2617,71.6199,69.4628
37.8363,-64.7566,145.0960
43.9958,60.7402,68.4107
37.6717,-64.8525,125.2488
2.4611,74.9596,220.8589
-55.6323,50.2995,69.4422
37.4494,-64.9811,115.3948
22.3490,71.5928,221.0832
37.4937,-64.9556,175.4229
-73.4971,-14.9389,69.4762
37.7629,-64.7994,195.8523
-12.5218,73.9473,69.4631
37.2251,-65.1099,185.8400
37.7176,-64.8258,165.1605
37.7197,64.8246,88.2149
37.1376,-65.1598,105.5404
38.8402,64.1595,99.6345
38.8060,64.1802,109.8711
38.8262,64.1680,120.0433
38.8446,64.1568,130.1820
38.8551,64.1505,140.2981
38.8663,64.1437,150.3966
38.9143,64.1146,160.4536
39.0990,64.0021,170.3869
39.5522,63.7230,180.0647
40.2175,63.3052,189.4250
39.8563,63.5333,198.9586
38.4787,64.3769,208.3666
37.8023,-64.7765,135.1408
-7.5935,74.6146,220.9895
12.5487,73.9427,220.8316
36.6211,-65.4515,95.6136
-48.4370,57.2613,69.4454
-31.4715,-68.0775,69.4865
-27.0122,69.9667,78.1833
-66.9390,-33.8256,69.4742
-6.8244,-74.6889,78.0973
-44.4566,-60.4037,78.1830
37.8135,-64.7699,155.0823
-58.8592,-46.4822,78.1981
7.5042,74.6236,69.5926
31.8621,67.8956,78.6124
30.9032,68.3374,222.1383
-69.0540,29.2669,78.1719
-74.3307,-9.9973,78.1997
-75.0000,-0.0019,78.1912
39.1642,-63.9622,204.7239
-73.4975,14.9371,69.4616
-22.0392,-71.6887,69.4977
16.9836,-73.0517,68.1034
34.8350,-66.4193,75.0189
38.0726,64.6180,218.0885
-52.1331,-53.9179,78.1874
35.8012,-65.9035,85.4903
-64.5385,38.2070,78.1565
40.4101,63.1825,77.6264
-2.5391,74.9570,69.4963
3.6715,-74.9101,77.7931
-64.5305,-38.2205,78.1923
-36.0852,65.7485,78.1661
22.3528,71.5916,78.6381
17.7540,72.8684,211.6641
-35.9585,-65.8178,78.1804
-22.4211,71.5702,212.3153
-31.7433,67.9512,212.6257
-40.4951,63.1280,212.8530
-48.5192,57.1917,212.9997
-55.6836,50.2427,213.0667
-61.8642,42.4007,213.0941
-66.9521,33.7996,213.1019
-70.8543,24.5901,213.1034
-73.4977,14.9360,213.1049
-74.8324,5.0109,213.1079
-74.8327,-5.0064,213.1120
-73.4978,-14.9357,213.1166
-70.8513,-24.5986,213.1219
-66.9411,-33.8214,213.1301
-61.8380,-42.4389,213.1449
-55.6340,-50.2977,213.1721
-48.4397,-57.2591,213.2162
-40.3810,-63.2010,213.2765
-31.5997,-68.0181,213.3455
-22.2534,-71.6225,213.4111
-12.5067,-73.9499,213.4466
-2.5200,-74.9577,213.3792
7.5192,-74.6221,213.1171
17.3570,-72.9639,212.6879
26.7082,-70.0833,212.4030
29.3845,-69.0040,180.7137
30.0908,-68.6989,150.0638
25.5091,-70.5286,71.2194
29.7142,-68.8627,120.4861
-72.3353,-19.8143,78.1964
-72.3371,19.8075,78.1723
-70.8503,-24.6014,69.4729
-17.4637,72.9385,78.1716
29.3655,-69.0121,110.7828
29.8681,-68.7960,170.1404
7.4481,74.6293,211.5200
31.5152,68.0573,95.6397
30.9285,68.3259,104.9114
30.9710,68.3066,115.0899
30.9991,68.2939,125.3024
31.0206,68.2841,135.4911
31.0293,68.2802,145.6868
31.0316,68.2792,155.9019
31.0867,68.2541,166.1202
31.4568,68.0843,176.1551
32.4795,67.6024,185.6192
34.0774,66.8112,193.8862
31.5119,68.0588,202.0223
30.0948,-68.6972,140.1486
-52.1622,53.8898,78.1463
-58.8729,46.4649,78.1451
28.9736,-69.1775,101.1003
-44.5177,60.3587,78.1472
35.5166,-66.0573,212.5493
-40.3080,-63.2477,86.8911
-12.6932,73.9181,211.9695
-61.8359,-42.4420,86.9450
26.6709,-70.0975,81.2380
30.0344,-68.7236,160.0130
28.2102,-69.4923,192.6558
29.9673,-68.7529,130.2934
12.5246,73.9468,78.4630
-17.0000,-73.0479,78.2063
-74.8324,-5.0116,86.9436
28.1391,-69.5211,91.2520
27.2603,69.8704,87.6363
-31.6458,67.9966,86.9183
28.8354,69.2353,212.1851
-70.8561,24.5848,86.9180
-69.0491,-29.2783,78.1940
-22.3063,71.6061,86.9381
31.4521,-68.0865,203.3643
-74.3311,9.9941,78.1803
-7.6033,74.6136,78.1435
-66.9501,33.8037,86.8908
-48.4130,-57.2816,86.9157
-2.7125,74.9509,211.6816
15.5856,-73.3627,77.5268
-1.4395,-74.9862,86.6561
-11.7585,-74.0725,86.9359
-73.4971,-14.9392,86.9453
-55.6258,-50.3068,86.9407
-36.3529,65.6008,203.8728
-44.7077,60.2181,204.1418
-52.2917,53.7641,204.2525
-58.9434,46.3754,204.3140
-64.5686,38.1562,204.3343
-69.0628,29.2460,204.3392
-72.3386,19.8021,204.3416
-74.3310,9.9951,204.3460
-75.0000,0.0032,204.3523
-74.3314,-9.9925,204.3593
-72.3360,-19.8116,204.3664
-69.0497,-29.2770,204.3746
-64.5320,-38.2181,204.3886
-58.8654,-46.4744,204.4166
-52.1529,-53.8988,204.4697
-44.5132,-60.3620,204.5551
-36.0774,-65.7527,204.6653
-26.9950,-69.9734,204.7809
-17.4407,-72.9440,204.8900
-7.5821,-74.6158,204.9605
2.4709,-74.9593,204.8147
12.5619,-73.9405,204.2357
22.3975,-71.5776,203.3360
21.8760,-71.7387,154.9233
22.3167,71.6028,98.1951
21.9182,-71.7258,135.3044
-40.4201,63.1761,86.8813
-55.6583,50.2708,86.8651
-73.4988,14.9306,86.9230
-58.8681,-46.4709,95.7373
-31.4221,-68.1003,86.8802
22.2289,71.6301,202.3651
21.1263,-71.9630,115.8527
20.6231,-72.1089,185.0009
21.6283,-71.8138,174.6846
21.6306,-71.8131,125.5289
12.2765,73.9884,201.9405
-26.7695,-70.0599,78.1959
21.8053,-71.7602,164.7353
22.6654,71.4932,109.9525
22.6638,71.4937,120.4016
22.6992,71.4825,130.6622
22.7472,71.4672,140.9382
22.7444,71.4681,151.2743
22.7298,71.4728,161.7269
22.7068,71.4801,172.4805
23.6253,71.1818,183.1404
26.3848,70.2057,193.2032
21.9607,-71.7128,145.1177
2.4542,74.9598,78.2127
-61.8517,42.4190,86.8697
20.7229,-72.0802,106.3768
-48.4679,57.2352,86.8586
17.5084,72.9277,87.6442
8.8136,-74.4803,85.9660
-17.8111,72.8544,202.9520
-6.1733,-74.7455,95.8150
-74.8327,5.0068,86.9267
17.4333,-72.9457,194.9768
-70.8505,-24.6008,86.9423
20.5489,-72.1300,97.0587
-74.3305,-9.9986,95.7334
19.0030,-72.5526,87.4046
-36.1699,65.7019,95.6565
-72.3414,19.7919,95.6997
-64.5335,-38.2156,95.7365
-66.9398,-33.8240,86.9382
-27.3297,69.8433,203.4805
-27.0613,69.9477,95.7130
-69.0619,29.2482,95.6653
-12.6121,73.9320,86.8871
-21.8677,-71.7412,86.9097
-44.4860,-60.3821,95.6573
2.1135,74.9702,201.9897
-52.1490,-53.9026,95.7055
-75.0000,-0.0026,95.7132
4.0186,-74.8923,95.1201
-35.9844,-65.8037,95.5896
-48.7425,57.0015,195.3799
-55.8249,50.0857,195.4628
-61.9326,42.3008,195.5090
-66.9798,33.7447,195.5225
-70.8630,24.5650,195.5278
-73.4994,14.9279,195.5344
-74.8324,5.0107,195.5442
-74.8328,-5.0045,195.5556
-73.4979,-14.9351,195.5663
-70.8503,-24.6015,195.5762
-66.9374,-33.8287,195.5886
-61.8305,-42.4498,195.6127
-55.6243,-50.3085,195.6652
-48.4332,-57.2645,195.7685
-40.3833,-63.1996,195.9330
-31.6035,-68.0163,196.1242
-22.2583,-71.6210,196.2931
-12.5749,-73.9383,196.4662
-2.7336,-74.9502,196.6475
7.3080,-74.6431,196.3193
-7.9524,74.5772,202.4038
13.2053,-73.8283,159.6114
11.9795,74.0371,95.7835
-72.3352,-19.8145,95.7323
-61.8407,-42.4350,104.5995
-44.5928,60.3032,95.6139
-58.9087,46.4195,95.6167
-74.3322,9.9864,95.7100
12.7821,-73.9028,120.8477
17.1807,73.0057,192.0992
13.5758,-73.7611,140.3084
14.1508,73.6529,105.6358
13.3533,-73.8017,178.4744
13.9586,73.6896,115.6772
13.9572,73.6899,125.8256
14.1334,73.6563,136.1336
14.1955,73.6443,146.5351
14.1362,73.6557,157.0516
14.1803,73.6473,167.7769
13.2048,73.8284,180.3207
13.4126,-73.7909,149.9732
-2.7235,74.9505,86.7416
-64.5543,38.1803,95.6310
-32.1974,67.7372,194.7235
11.8009,-74.0658,111.1743
-52.2098,53.8436,95.5950
7.3805,74.6360,86.9366
13.2383,-73.8224,169.1231
12.8039,-73.8990,93.5168
-66.9408,-33.8220,104.5828
-13.2767,73.8155,193.1538
11.6940,-74.0827,101.9023
-26.7244,-70.0771,95.5510
-73.4970,-14.9397,104.5795
-55.6416,-50.2893,104.5649
-40.5773,63.0752,104.4255
-73.5024,14.9129,104.5439
-40.8278,62.9133,195.1556
-40.3780,-63.2030,104.4084
-69.0494,-29.2776,95.7259
-31.7982,67.9255,104.4587
0.8110,-74.9956,105.4526
-70.8639,24.5624,104.5002
-16.7547,-73.1046,95.6365
13.4400,-73.7860,130.5863
-17.4670,72.9377,95.7756
7.0854,74.6646,191.7502
-48.4509,-57.2496,104.5185
-74.8324,-5.0114,104.5578
-22.9649,71.3976,194.0380
-11.4327,-74.1235,104.3896
4.0338,-74.8914,164.2865
-52.5400,53.5215,186.5509
11.4547,-74.1201,187.8040
-59.0876,46.1915,186.5975
-64.6328,38.0473,186.6279
-69.0865,29.1900,186.6393
-72.3449,19.7791,186.6507
-74.3318,9.9893,186.6657
-75.0000,0.0043,186.6837
-74.3316,-9.9909,186.7013
-72.3354,-19.8139,186.7160
-69.0454,-29.2871,186.7289
-64.5197,-38.2389,186.7471
-58.8405,-46.5058,186.7881
-52.1161,-53.9344,186.8853
-44.4775,-60.3883,187.0866
-36.0568,-65.7640,187.4044
-26.9548,-69.9888,187.7062
-17.3686,-72.9612,187.8774
-7.6828,-74.6055,188.1571
1.8390,-74.9775,188.7226
-3.2833,74.9281,192.3548
-31.5387,-68.0464,104.2362
-70.8500,-24.6023,104.5781
-74.8332,4.9991,104.5551
-48.5836,57.1370,104.3809
-36.9944,65.2412,186.0186
-18.7620,72.6153,184.1576
4.8627,-74.8422,145.1350
6.1690,74.7459,102.3890
-61.8955,42.3550,104.4227
5.0289,74.8312,111.0410
-64.5313,-38.2193,113.5455
4.7978,-74.8464,126.0717
5.1885,-74.8203,135.6768
-45.1256,59.9056,186.4063
4.7150,74.8516,120.8585
5.2546,74.8157,131.2463
5.5544,74.7940,141.6884
5.4908,74.7987,152.2329
5.2574,74.8155,162.9045
5.8687,74.7700,172.7508
3.3135,-74.9268,116.2296
4.4094,-74.8703,154.6584
-7.7046,74.6032,95.5920
-66.9673,33.7695,104.4507
1.9670,74.9742,95.0232
-55.7239,50.1981,104.3782
-28.1763,69.5061,185.3368
1.5067,74.9849,181.9228
-36.4834,65.5283,113.3103
-6.9373,-74.6785,113.2473
-8.8364,74.4776,182.6868
-74.3307,-9.9970,113.4887
-44.8327,60.1251,113.2423
-72.3354,-19.8139,113.4900
5.8499,-74.7715,181.6867
-74.3342,9.9710,113.4693
-72.3471,19.7711,113.4193
-21.9543,-71.7148,104.1352
-58.8677,-46.4714,113.5211
-69.0486,-29.2795,113.5180
-22.3213,71.6014,104.5880
-36.1136,-65.7329,113.1299
-44.5319,-60.3483,113.3798
4.5964,-74.8590,173.5018
-56.0565,49.8264,177.6046
-62.0512,42.1266,177.6348
-67.0343,33.6363,177.6433
-70.8801,24.5156,177.6671
-73.5030,14.9099,177.6897
-74.8326,5.0075,177.7177
-74.8330,-5.0027,177.7458
-73.4979,-14.9352,177.7698
-70.8475,-24.6097,177.7878
-66.9253,-33.8526,177.8037
-61.7975,-42.4978,177.8302
-55.5547,-50.3852,177.8976
-48.3221,-57.3583,178.0725
-40.2686,-63.2727,178.4663
-31.5436,-68.0441,179.0958
-22.1112,-71.6666,179.4718
-12.1962,-74.0017,179.3774
-4.2877,-74.8773,149.5089
-75.0000,-0.0085,113.4799
-2.8566,-74.9456,131.3932
-64.5987,38.1052,113.3049
-2.4797,74.9590,104.1662
-3.5187,-74.9174,140.3383
-27.0641,-69.9466,112.7556
-5.7623,74.7783,114.8006
-58.9912,46.3146,113.2473
-3.9103,74.8980,126.3199
-3.0497,74.9380,136.8160
-2.9068,74.9436,147.2114
-3.2978,74.9275,158.0658
-4.1209,74.8867,170.6548
-3.9303,-74.8969,122.1948
-12.2999,73.9845,104.8376
-69.0794,29.2067,113.3621
-6.0874,-74.7525,169.9408
-52.1608,-53.8911,113.4892
-31.6543,-67.9927,121.7636
-4.9559,-74.8361,159.1308
-2.5854,-74.9554,180.0036
-74.8338,4.9901,122.4952
-73.5050,14.9001,122.4443
-17.3881,-72.9565,112.5205
-52.3604,53.6972,113.2049
-73.4974,-14.9377,122.5154
-27.4164,69.8093,113.2539
-66.9349,-33.8338,122.5841
-40.3465,-63.2231,122.2878
-41.5788,62.4196,177.2839
-14.8648,73.5122,173.7459
-74.8322,-5.0140,122.5055
-49.1862,56.6191,177.5186
-24.4512,70.9023,175.6860
-33.3210,67.1916,176.7650
-41.0408,62.7746,122.2385
-32.3752,67.6524,122.3521
-61.8209,-42.4638,122.5903
-13.6947,-73.7391,153.0606
-64.7079,37.9195,168.5444
-69.1160,29.1202,168.5662
-72.3551,19.7417,168.5868
-74.3334,9.9776,168.6317
-75.0000,0.0033,168.6733
-74.3318,-9.9892,168.7113
-72.3347,-19.8164,168.7398
-69.0386,-29.3032,168.7600
-64.4930,-38.2839,168.7797
-58.7645,-46.6019,168.8175
-51.9410,-54.1030,168.9204
-44.1668,-60.6159,169.2161
-35.7333,-65.9404,170.0014
-26.9165,-70.0036,171.2964
-17.1763,-73.0067,171.3396
-70.8750,24.5303,122.3798
-13.3769,-73.7974,120.5195
-67.0026,33.6995,122.3061
-12.8006,-73.8996,144.0126
-11.4413,-74.1222,135.4129
-48.9029,56.8640,122.1320
-61.9752,42.2382,122.2270
-13.4022,73.7928,122.6449
-11.5247,74.1092,132.4572
-11.0684,74.1788,142.1224
-11.1356,74.1687,152.2788
-12.1967,74.0016,163.0073
-48.4039,-57.2893,122.5069
-22.6181,-71.5082,121.0266
-70.8510,-24.5994,122.5288
-45.8444,59.3573,168.3475
-26.7488,-70.0678,130.1521
-55.6024,-50.3326,122.5777
-17.4365,72.9450,113.5537
-74.3345,9.9692,131.5952
-55.8975,50.0047,122.1507
-74.3310,-9.9949,131.6524
-64.5096,-38.2558,131.7575
-14.2814,-73.6277,162.3041
-59.2563,45.9749,168.5138
-35.6902,-65.9637,131.2015
-45.4421,59.6659,131.2391
-9.9645,-74.3351,127.6649
-75.0000,-0.0079,131.6293
-21.3568,71.8950,165.9555
-69.0485,-29.2799,131.7135
-52.9108,53.1550,168.4624
-37.2920,65.0716,131.3830
-38.1999,64.5428,168.0892
-23.3267,71.2802,121.8092
-72.3373,-19.8070,131.6675
-70.8861,24.4982,159.3742
-73.5059,14.8958,159.4186
-74.8331,5.0001,159.4654
-74.8330,-5.0026,159.5224
-73.4986,-14.9319,159.5650
-70.8469,-24.6114,159.5943
-66.9151,-33.8728,159.6169
-61.7527,-42.5629,159.6436
-55.4097,-50.5447,159.6954
-47.9230,-57.6922,159.8297
-39.3908,-63.8229,160.2660
-30.5495,-68.4962,161.9489
-22.4837,-71.5506,164.5400
-72.3508,19.7577,131.5240
-62.1351,42.0027,159.2791
-69.0950,29.1699,131.4454
-22.5389,-71.5332,146.9732
-20.5669,-72.1249,137.7087
-52.7191,53.3451,131.2038
-19.3582,72.4587,129.1797
-64.6484,38.0208,131.3464
-19.3792,72.4531,137.5347
-18.4877,72.6857,146.7356
-19.0646,72.5365,156.4315
-44.2539,-60.5524,131.6717
-17.9338,-72.8243,128.8249
-67.0470,33.6110,159.3399
-58.8035,-46.5527,131.7705
-52.0114,-54.0353,131.7685
-30.0449,68.7190,167.4881
-66.9244,-33.8545,141.0041
-42.5448,61.7652,159.0553
-49.5082,56.3377,140.4057
-56.2705,49.5846,159.2297
-74.8326,-5.0079,140.8990
-73.5050,14.9001,140.7933
-22.9761,-71.3940,156.1873
-42.1569,62.0306,140.4016
-30.0223,-68.7289,139.8762
-74.8330,5.0017,140.8533
-59.1522,46.1088,131.2653
-49.6578,56.2059,159.1589
-61.7775,-42.5270,141.0430
-73.4993,-14.9285,140.9343
-27.9428,69.6003,132.0758
-74.3328,9.9819,150.1523
-75.0000,0.0025,150.2166
-74.3322,-9.9858,150.2611
-72.3387,-19.8020,150.3062
-69.0414,-29.2964,150.3298
-64.4904,-38.2882,150.3605
-58.7278,-46.6481,150.3967
-51.7721,-54.2646,150.4592
-43.4269,-61.1482,150.5906
-32.9820,-67.3586,150.9352
-70.8774,24.5232,140.7182
-70.8541,-24.5907,140.9701
-39.3736,-63.8335,141.0214
-34.3690,66.6616,140.7189
-67.0155,33.6738,140.6340
-56.1910,49.6746,140.4552
-35.0437,66.3094,158.9381
-53.0730,52.9930,149.7855
-59.2891,45.9325,149.8742
-72.3537,19.7468,150.0819
-46.2050,59.0770,149.7328
-27.2890,69.8592,158.5605
-38.9867,64.0706,149.7523
-26.5012,70.1619,142.4364
-24.7944,70.7830,150.7699
-62.0775,42.0879,140.5453
-55.4621,-50.4871,141.0803
-48.0239,-57.6082,141.1146
-64.6949,37.9416,149.9593
-69.1000,29.1579,150.0339
-31.7628,67.9421,150.0774
65.3413,5.0708,300.0000
64.2203,22.3779,300.0000
55.5260,37.1440,300.0000
43.0255,50.3519,300.0000
27.9878,59.7816,300.0000
11.0848,65.6086,300.0000
-6.6659,66.0973,300.0000
-23.9404,62.0180,300.0000
-39.6131,53.6243,300.0000
-52.2351,41.0025,300.0000
-61.3950,25.7492,300.0000
-66.2433,8.8747,300.0000
-65.6738,-8.6330,300.0000
-61.1686,-26.0021,300.0000
-52.3637,-41.2576,300.0000
-39.4191,-53.0957,300.0000
-23.8711,-62.0653,300.0000
-6.8519,-66.5006,300.0000
10.5981,-65.5352,300.0000
27.7252,-60.0810,300.0000
42.7240,-50.4433,300.0000
54.8831,-37.4347,300.0000
63.0923,-21.8271,300.0000
65.3850,-4.0580,300.0000
64.6439,14.1140,300.0000
60.0292,29.3628,300.0000
49.7793,44.3170,300.0000
35.7414,55.4286,300.0000
19.7747,63.2947,300.0000
2.1545,66.4589,300.0000
-15.4305,64.6296,300.0000
-31.9903,58.3824,300.0000
-46.3736,47.7051,300.0000
-57.2652,33.6373,300.0000
-64.6085,17.6770,300.0000
-66.2057,0.2243,300.0000
-64.0101,-17.5191,300.0000
-57.5693,-33.9606,300.0000
-46.1322,-47.2815,300.0000
-31.9058,-58.1352,300.0000
-15.6781,-65.0950,300.0000
1.7783,-66.3076,300.0000
19.4183,-63.4777,300.0000
35.4680,-55.7148,300.0000
49.2251,-44.2860,300.0000
59.7219,-30.1312,300.0000
64.6640,-13.1049,300.0000
56.1628,9.7657,300.0000
47.2495,35.6540,300.0000
34.6199,45.6376,300.0000
20.8395,53.6078,300.0000
5.7159,58.2645,300.0000
-9.6700,57.3937,300.0000
-24.5373,52.6921,300.0000
-38.0783,44.6516,300.0000
-48.1300,32.5483,300.0000
-55.4092,18.4877,300.0000
-57.4421,4.5989,300.0000
-57.0274,-11.4447,300.0000
-51.7256,-26.5509,300.0000
-43.1040,-37.7506,300.0000
-31.3572,-48.7881,300.0000
-16.9255,-55.7835,300.0000
-3.0061,-57.6772,300.0000
12.8466,-56.9850,300.0000
27.2646,-50.3667,300.0000
40.3615,-41.1848,300.0000
50.6064,-29.1342,300.0000
55.6595,-15.9054,300.0000
51.5589,28.2300,300.0000
55.5302,19.7007,300.0000
56.0297,0.9221,300.0000
41.2162,41.2897,300.0000
27.8778,49.8027,300.0000
13.6256,56.7859,300.0000
-2.0157,57.9630,300.0000
-17.4221,55.6004,300.0000
-31.6358,49.4962,300.0000
-43.2593,38.6937,300.0000
-52.3361,25.5948,300.0000
-58.7584,11.9765,300.0000
-57.3507,-3.2296,300.0000
-54.8107,-19.3416,300.0000
-49.3479,-33.5627,300.0000
-37.4430,-43.2077,300.0000
-24.2019,-52.8221,300.0000
-10.2899,-59.0551,300.0000
4.6960,-57.6063,300.0000
20.4533,-54.2731,300.0000
34.0656,-46.3485,300.0000
45.7317,-35.3987,300.0000
54.9543,-23.3037,300.0000
56.2180,-7.6038,300.0000
33.3904,36.0307,300.0000
48.1941,-11.4280,300.0000
20.6578,43.8912,300.0000
8.4765,51.0054,300.0000
-5.2214,49.0597,300.0000
-17.8603,46.1724,300.0000
-31.0101,41.7765,300.0000
-39.2448,30.0204,300.0000
-46.2788,17.8148,300.0000
-49.7396,-6.7084,300.0000
-44.9152,-19.9421,300.0000
-29.5810,-40.1090,300.0000
-16.8655,-46.3298,300.0000
7.5461,-50.1320,300.0000
19.4085,-44.7206,300.0000
32.5968,-38.0605,300.0000
42.5325,-27.2261,300.0000
46.0048,-19.6848,300.0000
48.1424,13.6539,300.0000
46.5846,5.5046,300.0000
43.8230,28.3068,300.0000
46.6735,-3.3280,300.0000
39.7787,33.4975,300.0000
27.1965,39.9409,300.0000
14.3222,47.5687,300.0000
1.8146,49.8666,300.0000
-11.9690,49.5538,300.0000
-24.5884,43.7660,300.0000
-34.8076,36.0060,300.0000
-44.2851,25.0620,300.0000
-50.2488,10.4184,300.0000
-46.3974,1.2527,300.0000
-49.0549,-13.5801,300.0000
-42.2564,-28.2363,300.0000
-32.9360,-31.8567,300.0000
-24.2319,-44.5883,300.0000
-9.1988,-50.4327,300.0000
-0.4493,-47.0378,300.0000
14.1665,-49.1586,300.0000
25.8879,-40.7976,300.0000
36.7229,-31.9962,300.0000
45.1615,20.9648,300.0000
35.5657,25.2625,300.0000
37.8047,13.1767,300.0000
34.1695,-21.5166,300.0000
-0.9794,40.4861,300.0000
27.3203,29.6154,300.0000
6.8828,42.8761,300.0000
-18.3809,36.8592,300.0000
-30.4998,27.6189,300.0000
-40.2991,9.8568,300.0000
-40.3091,-9.7728,300.0000
-34.9849,-20.5394,300.0000
-20.6358,-35.5032,300.0000
-9.6198,-40.1093,300.0000
9.2797,-41.0523,300.0000
17.6077,-35.5076,300.0000
26.5492,-30.2951,300.0000
38.0367,-10.0655,300.0000
-9.9642,40.0595,300.0000
13.4167,38.5329,300.0000
-36.4151,19.9144,300.0000
-26.3805,35.2197,300.0000
36.9980,1.6068,300.0000
20.4217,34.3916,300.0000
-12.5630,29.1966,300.0000
27.7009,18.8963,300.0000
-3.6951,30.6802,300.0000
-30.7263,11.1711,300.0000
-25.7530,18.9275,300.0000
5.4883,32.2312,300.0000
13.6374,30.2001,300.0000
-21.3612,27.6608,300.0000
-29.5232,-11.3259,300.0000
-22.5852,-21.7371,300.0000
-11.0583,-28.6538,300.0000
-0.7146,-34.9617,300.0000
8.3369,-29.9119,300.0000
27.1304,7.8364,300.0000
28.1278,-12.7157,300.0000
22.3396,-19.6793,300.0000
27.2659,-3.0573,300.0000
-32.1949,0.3233,300.0000
16.8920,-26.5215,300.0000
19.7310,24.5590,300.0000
-20.3433,8.0496,300.0000
-7.0114,20.9565,300.0000
-16.3034,19.5234,300.0000
10.2096,-18.1308,300.0000
18.1026,14.4620,300.0000
-10.9997,-17.0402,300.0000
-0.8618,-23.5555,300.0000
18.3315,-9.4656,300.0000
-19.1547,-6.1883,300.0000
15.7558,2.7406,300.0000
10.7990,22.1414,300.0000
1.9796,21.6690,300.0000
-10.7787,12.4449,300.0000
-1.7764,12.1476,300.0000
-0.4578,-13.0279,300.0000
-8.5922,-7.4114,300.0000
8.0667,12.6114,300.0000
8.0595,-6.3712,300.0000
-8.5025,2.9626,300.0000
3.7166,3.6875,300.0000
-1.0389,-3.7905,300.0000
64.5715,4.1957,0.0000
63.3375,13.8123,0.0000
60.6527,23.5432,0.0000
56.4158,34.2398,0.0000
49.8596,43.6886,0.0000
42.6582,50.6851,0.0000
34.0840,55.8387,0.0000
23.6114,61.1871,0.0000
12.0376,63.7488,0.0000
1.7067,64.8523,0.0000
-8.6203,64.4982,0.0000
-20.0163,63.0720,0.0000
-30.6685,58.2686,0.0000
-38.8519,52.4013,0.0000
-46.4720,45.4580,0.0000
-54.4061,37.0291,0.0000
-59.4964,26.3768,0.0000
-62.2870,16.5510,0.0000
-64.4512,6.4453,0.0000
-66.0500,-4.9744,0.0000
-63.7703,-16.5469,0.0000
-59.6456,-25.7785,0.0000
-54.7034,-34.8008,0.0000
-48.6536,-44.6054,0.0000
-39.5819,-52.1419,0.0000
-30.6123,-56.8911,0.0000
-21.1860,-61.0674,0.0000
-10.4248,-65.1761,0.0000
1.3778,-65.6162,0.0000
11.3637,-63.9070,0.0000
21.3294,-61.4470,0.0000
32.3062,-58.0048,0.0000
41.8352,-51.1290,0.0000
48.5189,-43.6588,0.0000
54.6999,-35.6087,0.0000
61.0884,-26.1223,0.0000
64.0940,-14.9915,0.0000
64.7131,-5.3247,0.0000
53.0452,17.0790,0.0000
49.5935,25.9833,0.0000
41.3608,42.1792,0.0000
33.7581,45.8727,0.0000
24.9796,49.9330,0.0000
5.7610,55.2812,0.0000
45.4354,34.6139,0.0000
-4.0211,55.5230,0.0000
-13.6491,54.3114,0.0000
-29.5737,48.2235,0.0000
-49.8011,27.7071,0.0000
-36.9397,41.8539,0.0000
-43.5045,34.4198,0.0000
-51.4197,18.5137,0.0000
-57.6562,-9.8906,0.0000
-53.8613,8.6750,0.0000
-56.1002,-1.0877,0.0000
-53.2991,-17.7633,0.0000
-38.7822,-42.8389,0.0000
-48.2825,-26.3143,0.0000
-43.2782,-35.0051,0.0000
-30.3302,-46.2474,0.0000
-3.6094,-57.8377,0.0000
-21.1076,-50.1294,0.0000
-11.9060,-54.2544,0.0000
5.2080,-55.5047,0.0000
33.2012,-48.5031,0.0000
14.8572,-53.1081,0.0000
24.5751,-50.8220,0.0000
38.5459,-41.4248,0.0000
55.5233,-18.7644,0.0000
15.4543,53.2560,0.0000
44.3522,-33.6340,0.0000
50.2938,-25.9321,0.0000
-22.5690,53.5206,0.0000
54.7461,7.8427,0.0000
55.0723,-10.1884,0.0000
54.8323,-1.2006,0.0000
0.2597,47.5999,0.0000
46.3462,11.1607,0.0000
26.3224,39.2824,0.0000
33.8496,-32.2372,0.0000
-40.0758,22.4074,0.0000
-8.3866,45.2201,0.0000
-28.1048,39.3131,0.0000
-43.1610,10.9402,0.0000
-48.6751,-8.9009,0.0000
-42.6355,-17.4702,0.0000
-32.0375,-35.7994,0.0000
35.3335,36.0759,0.0000
-21.6877,-38.9704,0.0000
-2.3217,-48.3236,0.0000
42.5312,18.6213,0.0000
7.9893,-44.7954,0.0000
28.4686,-40.9074,0.0000
-19.1315,43.7089,0.0000
8.4256,45.5098,0.0000
-33.3089,31.5371,0.0000
38.7505,27.1364,0.0000
-45.9089,0.6759,0.0000
-36.6559,-26.3996,0.0000
-11.5133,-43.3455,0.0000
46.6167,-16.2968,0.0000
18.4725,-42.5032,0.0000
17.4688,42.8673,0.0000
39.9002,-23.8181,0.0000
44.9121,2.8160,0.0000
-38.5489,-7.9230,0.0000
-32.4475,12.5225,0.0000
0.3638,37.1531,0.0000
-11.2795,34.4659,0.0000
36.7875,9.6977,0.0000
-0.2607,-36.5665,0.0000
-22.1258,31.9677,0.0000
44.8271,-6.6193,0.0000
-23.5564,-26.6315,0.0000
35.8476,-13.4852,0.0000
23.1558,-32.2835,0.0000
28.9133,-22.5221,0.0000
31.8602,19.0447,0.0000
-35.6983,2.1912,0.0000
28.4484,28.9824,0.0000
-31.4266,-16.7593,0.0000
-27.5625,22.2965,0.0000
-12.1725,-32.3846,0.0000
12.2004,-33.9577,0.0000
18.7334,32.1838,0.0000
10.4977,36.4913,0.0000
32.4319,-1.5528,0.0000
-3.1633,26.4842,0.0000
17.5517,-23.0826,0.0000
-15.1396,22.7990,0.0000
23.5464,-12.1026,0.0000
-3.5220,-26.6261,0.0000
25.0554,9.6963,0.0000
-21.8544,13.2190,0.0000
9.0087,25.9348,0.0000
-25.7715,3.5773,0.0000
-28.1720,-6.4314,0.0000
6.4690,-25.1454,0.0000
-20.1954,-14.4909,0.0000
-11.6194,-21.2215,0.0000
20.8361,21.2348,0.0000
-16.9169,4.9285,0.0000
11.0181,-13.8326,0.0000
16.1134,-0.8529,0.0000
-6.1995,17.9376,0.0000
-17.8095,-4.0948,0.0000
13.3514,12.8413,0.0000
-12.0873,11.7866,0.0000
-0.5408,-16.9753,0.0000
-8.9892,-10.3024,0.0000
-3.3574,10.0884,0.0000
-7.2432,1.1422,0.0000
2.5481,-5.9766,0.0000
3.0762,16.6778,0.0000
4.6583,5.1694,0.0000
5.4865,21.6191,259.8184
-3.5601,-27.1796,249.1690
3.5147,-20.7453,208.8153
1.0334,22.1622,200.9040
11.0409,-13.7078,263.5104
37.0111,9.6974,273.4537
47.9138,-16.2090,269.9972
21.3319,9.1526,258.7829
40.2171,22.1708,239.2442
48.6451,-7.5787,233.6715
15.5554,42.0456,266.2668
61.6176,13.5390,288.0708
56.0117,22.9323,275.7929
-3.4377,8.8233,261.4214
16.8621,16.9038,238.2217
25.5539,14.7973,223.8198
0.0765,33.7570,147.7400
2.2544,31.2114,94.6757
-4.7331,-33.2941,156.5659
44.0844,21.0734,210.3948
-12.4848,36.9278,275.2128
20.0077,40.6725,249.9782
53.0912,36.9699,282.8690
33.4668,52.0466,282.6569
34.0238,34.6824,289.5042
23.2808,56.2351,266.3208
50.9974,40.4848,272.3917
-4.1483,64.7781,278.3376
-18.3091,40.8492,234.5565
9.2093,62.0568,280.0224
14.4744,42.0533,219.9735
-42.2452,18.1037,254.7495
-5.5891,19.3418,245.2987
-7.0725,47.7112,209.7345
-20.0470,62.6203,285.7902
-18.3865,45.3591,289.0681
-4.6878,46.2625,287.0019
-5.1372,33.1383,289.6669
-19.2105,60.3184,274.1201
-31.2824,51.0316,282.9963
-37.3689,52.1071,270.8419
-33.6366,7.8667,242.8769
-26.4331,34.6603,282.5316
-15.8435,34.5191,290.9048
-46.6960,38.2775,280.3889
-58.5343,25.5224,286.8921
-61.6621,24.2861,273.7067
-36.9329,-11.2590,264.4673
-11.3743,-12.7228,273.4509
-46.2304,22.4640,290.2329
-55.8929,9.5926,287.2970
-40.6468,8.7185,291.4755
-61.2605,-1.8361,288.2219
-64.8755,9.8373,272.9980
-46.0353,-4.9155,284.2696
-7.8730,-45.7540,273.0142
-10.0503,-11.7116,246.0730
-37.2982,-12.2890,240.7714
-60.9312,-20.4769,276.4214
-61.9151,-4.0135,273.2026
-45.3419,-30.8051,287.6889
-49.9756,-36.6231,272.2175
17.8045,-33.4408,273.3467
-4.6592,-33.4655,237.8255
-42.2808,-17.3957,289.3908
-30.7897,-39.4377,288.7413
-14.6289,-56.4788,287.0497
-21.4459,-60.0448,271.4404
11.8559,-34.5073,242.9197
-18.5253,-32.7104,208.0756
-2.7546,-63.3025,290.1072
-15.8573,-39.8058,288.5101
12.7149,-61.1182,288.9332
-1.3131,-47.8554,287.0759
-4.2136,-64.4478,274.5366
24.8125,-57.9608,283.9882
38.6193,-48.2947,287.8373
26.1799,-44.0290,291.1899
26.4875,-43.5267,278.3971
20.3870,-6.8904,250.7278
12.2004,-45.2072,215.8049
24.9697,-60.4113,272.5217
12.4873,-44.0062,288.6751
10.4424,-64.3732,274.6256
41.1596,-30.8364,287.8545
40.5748,-50.0024,273.0597
5.9508,-32.0350,97.4473
56.6465,-30.2061,290.3884
53.9609,-34.8241,275.2919
61.9285,-22.6172,272.4416
60.0412,-2.2174,287.0227
2.1362,-31.3905,56.7470
9.9441,29.9154,41.0522
13.0579,10.9576,42.3543
37.0090,-20.3651,36.7651
40.0044,24.6455,30.6875
10.3443,-3.1249,31.6139
36.4520,-17.1397,55.0777
49.2553,9.1913,62.0121
62.7349,-4.9491,12.5462
47.7575,-7.1652,9.6407
47.5672,-5.0032,23.8899
-6.3471,-0.7411,31.1295
21.8918,-45.7924,35.7845
9.5080,-9.2416,53.7195
9.7962,-15.2734,93.8289
38.5397,-7.7680,90.2474
-16.3300,8.3123,33.4608
-30.1399,24.0492,37.7647
20.1684,38.9814,36.9227
8.9251,18.7635,66.9690
37.4308,11.6955,91.2915
62.9684,8.5439,11.0590
61.1179,-9.2588,27.4300
62.2057,-7.3280,52.5962
44.1136,-12.5389,108.7488
68.6789,-0.2117,31.0523
32.0339,-3.0415,28.3160
50.7893,9.6836,24.4958
52.9323,-21.0334,31.1331
46.6532,-37.1660,31.1793
45.5393,-8.2465,42.0495
48.9493,-5.6851,58.2929
63.1803,9.1005,25.0271
64.5444,-9.9531,40.1929
63.6581,5.6952,55.2485
63.8113,7.3608,68.7380
37.2942,12.0023,110.1610
68.9311,-0.2856,49.2389
34.7890,2.6321,55.5859
23.3695,-7.2053,55.0721
-7.7098,-8.1495,61.4511
-34.5468,-14.6222,65.2992
-13.4832,4.9964,64.3845
-9.4586,-39.6890,59.0317
-19.1506,-2.2357,85.2665
9.4894,-45.5392,60.0280
16.0556,-34.4204,84.0025
17.7641,16.0630,86.8181
11.3390,-8.5483,119.6687
-42.6980,13.9692,67.0127
-9.4272,48.6215,59.7796
-10.5535,15.2895,92.9305
21.8844,42.7865,68.9221
8.7229,40.1215,92.5773
8.5487,10.1380,108.8309
37.4658,-8.1271,65.9371
59.6849,-21.9048,48.5171
46.1315,-18.3455,70.4490
47.2963,-2.4769,70.9369
62.8576,-6.4444,67.4989
61.8294,-21.6803,65.0824
61.4511,-5.5992,83.0917
66.1953,4.0596,80.6251
50.7143,-8.9844,82.0002
36.8093,-4.4170,78.7727
23.0746,-4.3452,79.8719
-11.1543,-41.7147,85.7614
-7.3203,-7.4442,117.3159
18.2103,-40.3750,111.8619
-5.6471,38.3190,91.0237
-7.1658,17.3864,106.7845
7.4085,43.7055,117.3552
52.8006,6.0453,79.9314
45.7663,-19.2965,84.9159
52.8530,-34.8423,78.2116
49.0405,-1.4020,91.3247
51.4555,-5.0616,106.4060
38.8054,-12.2677,130.6246
46.1887,16.7224,133.2838
61.5448,4.7980,93.1809
62.1859,-19.8462,80.7729
60.6501,-13.9671,94.0465
63.6126,-6.8600,106.2901
68.8065,-0.4429,99.5169
49.2185,9.8042,97.2953
46.3395,-13.2140,96.6677
66.1603,8.4193,105.6852
61.5284,-18.0901,110.2984
63.9184,-5.9567,122.5855
35.1919,-5.6451,160.0738
44.8047,-6.2363,192.5325
66.1754,3.8441,115.8932
52.3892,-14.2761,118.2480
38.3560,-5.1615,117.3354
24.3226,1.5965,115.2650
0.2126,-35.4103,115.2264
9.1655,-12.2488,137.0936
-7.4357,42.9894,111.5116
22.9430,17.1176,145.0593
-10.3919,-11.9632,139.5512
-38.2630,-10.5845,145.4817
20.5408,-37.0042,135.2491
21.7554,-8.3886,161.6990
7.7056,-18.7971,185.1527
48.7991,9.6720,157.0810
36.2632,8.6469,185.5058
53.4909,7.0324,124.8846
51.9309,-35.9055,121.6953
53.5401,-5.1303,132.8840
64.0323,7.4091,134.1656
62.5620,-21.8318,120.0825
61.5935,-19.7831,132.8263
66.5393,-6.8412,133.5866
65.7939,-8.1893,144.3794
39.8451,-17.2446,212.3443
49.9393,-21.7959,128.5931
48.0870,-6.2576,143.7303
45.9974,-2.8207,155.9167
23.6972,13.2821,173.2610
21.3621,13.0753,186.1109
65.0991,5.3398,145.3258
61.9800,-22.5420,145.6749
59.3155,-6.5414,156.4537
63.6935,9.7278,157.9110
68.3365,-0.1817,152.9027
-8.0688,-11.9284,166.7390
-6.5178,-13.2769,196.8637
18.2445,-32.0445,157.4575
13.8818,-39.8972,190.0892
14.6396,-18.5347,221.7044
-3.8667,21.4663,157.6772
-2.3936,10.5808,187.5624
25.3453,44.0711,159.1059
10.9949,41.3954,194.6132
44.8394,-17.9978,154.8027
54.6835,-34.7214,157.0392
48.7785,-9.6669,171.2920
50.5249,0.1738,183.4513
66.5244,7.9549,169.9861
62.4409,-19.8351,157.8710
62.7236,-20.0854,170.2435
64.5574,-3.0383,169.1016
63.0233,-7.6911,180.7427
32.0495,0.1196,170.6848
50.1222,5.6468,169.5029
48.7198,-22.6145,169.7063
62.5190,7.1412,181.6433
62.2483,-21.4210,183.9907
61.2216,-6.7425,195.3604
64.7485,10.2517,196.5253
68.5093,0.3228,189.7151
34.5329,-4.0050,201.8817
20.9618,-8.5741,199.2713
-12.0729,-39.2063,185.8760
-11.6761,-11.1888,216.0600
-9.6357,43.0536,189.7350
-9.7996,14.4755,218.6394
49.5372,9.7828,195.2061
45.9272,-17.3551,198.5582
51.9341,-34.4335,195.6528
49.2989,-5.2538,204.5227
65.8686,6.8472,209.1619
62.0805,-22.8407,198.2113
64.5081,-7.3552,210.5664
65.6874,-7.7934,224.9346
64.2397,-5.1080,238.6388
61.8785,4.3596,223.2058
65.6676,8.9442,234.3334
47.6595,-4.2342,218.4275
43.8637,10.2283,220.7420
51.4030,9.5015,236.1602
59.4747,-19.8161,220.8041
61.1282,-14.8992,247.3938
63.8432,9.6532,247.2907
29.7116,-7.1308,237.2203
38.2063,5.5835,234.0008
59.3458,-21.9517,234.5288
48.6014,-36.5021,235.2770
52.8286,-1.2849,247.8169
50.3996,10.9759,259.8685
47.6684,-8.3834,257.6557
67.3442,-1.7887,256.8417
62.3361,-13.2549,260.6688
35.1041,-4.2850,262.2650
37.2692,-20.4301,263.3527
34.5227,-9.9720,274.5259
56.5855,-28.2897,258.9432
49.7774,-0.2392,272.8946
62.0909,6.1546,262.4742
64.3901,-7.5204,273.3548
68.3459,1.3273,280.6403
63.2537,10.8338,274.3126
-15.2012,48.5297,40.9032
50.9563,38.5648,12.6531
36.9833,50.4947,12.8687
35.3315,35.9543,8.4726
41.0100,49.7571,27.5312
52.9160,35.7038,28.9310
13.1693,61.9820,15.9710
6.1429,63.9554,28.6273
25.0938,56.2308,16.0876
-16.1510,61.1768,24.5781
-2.5671,63.1527,13.4730
-31.3083,-18.3276,44.6751
-30.5695,44.7017,11.5901
-34.6123,54.7608,26.4853
-50.4322,37.1719,12.9882
-59.5596,25.5053,9.0778
-57.5373,26.8874,27.0457
-41.1449,22.8527,9.7856
-63.7072,11.2568,11.9253
-61.3772,-4.9391,16.0375
-14.6145,-36.8942,33.2607
-45.2308,-17.2974,12.6646
-44.6684,-22.6092,33.5104
-58.6805,-24.5695,12.5706
-60.7666,-19.7121,27.2019
-47.5639,-36.8667,13.8188
-35.2989,-49.8801,14.9896
-19.7239,-59.3821,15.6437
-4.0745,-65.0400,11.5846
8.4920,-63.1759,10.9539
37.1646,-50.9662,13.5671
23.2390,-59.8835,11.7706
52.5018,-35.7619,14.2114
39.5765,-48.0732,27.8202
64.0882,7.3261,40.9059
53.6484,8.2326,109.4604
49.2102,8.6810,144.6226
53.9702,7.6755,210.0138
37.1093,8.6148,207.7649
23.6795,2.4821,209.5149
60.2327,21.0134,206.7077
52.6422,38.8398,208.0810
51.4899,-36.4123,47.5758
56.6763,24.0104,15.3276
11.3627,48.2204,11.4921
-4.7043,48.9466,10.0192
21.7628,-41.7658,14.5514
27.7937,-58.5936,27.2597
10.0926,-47.0823,10.0385
14.2158,-62.4893,25.7297
49.8657,-18.9980,140.7344
51.1108,-19.4996,105.1496
49.8540,-17.4967,186.0238
55.9777,-22.0735,209.3342
-19.3833,62.6802,9.2678
-16.7598,43.0774,11.7786
-20.0353,62.5603,51.2530
-46.5860,42.8257,27.3399
-46.7120,7.4032,10.1677
-61.4931,10.3618,30.7273
-45.2017,-3.7136,9.0717
-64.8535,-4.5111,34.7225
-17.5099,-43.6276,10.5084
-20.9755,-44.5368,25.4595
-19.2881,-60.0891,30.6037
-30.0434,-30.9749,14.8243
-37.6772,-51.5551,35.1873
-4.9027,-46.3055,12.6581
-0.6223,-61.1444,27.4490
34.4682,-33.2638,11.0076
28.3966,-31.6811,26.7022
38.7801,-50.9331,45.7133
-18.9557,47.1642,274.7996
-21.9245,61.6940,258.7732
-26.1018,-28.3021,290.4634
-36.6318,-50.2545,270.8837
50.0905,-15.1681,286.9682
21.0598,-16.2556,287.9146
35.3587,-20.1733,282.0516
-49.8352,-36.0049,29.4046
52.5343,26.1578,46.5284
51.3070,24.2460,68.0748
34.8221,16.8223,66.0175
53.4106,24.0835,87.7936
52.2299,37.1159,80.7392
48.0583,24.6549,104.9172
53.8330,38.5383,107.6339
48.2899,21.5918,122.1494
54.5800,23.4670,137.8943
53.8453,36.9901,133.0815
14.3354,43.0639,145.1620
53.4120,21.9910,155.8214
51.9908,36.7088,158.5604
50.8996,23.7559,177.5253
54.5619,26.4247,196.4652
55.0690,22.5808,224.4719
23.6392,39.6498,9.1975
25.6036,23.1545,13.6793
25.4239,57.7732,29.9353
54.3931,-18.9633,13.7375
38.3206,-18.4350,15.6268
22.2425,-20.3305,11.4703
37.3038,29.2769,275.6010
23.6560,36.1963,276.4410
50.9431,40.9913,257.5758
52.9143,39.8849,246.1846
37.7058,51.6462,253.6507
1.2380,49.4614,270.9818
12.2468,63.8097,263.2935
25.0570,59.1486,247.4836
-4.9712,64.1204,261.8239
-12.6055,22.3280,272.5436
-21.7988,46.3741,261.7948
-17.0286,45.8523,248.5456
-14.3592,62.8757,248.9623
-29.6390,37.7626,268.5359
-35.5000,53.0068,252.2537
-48.1203,26.2742,271.5486
-47.0297,41.0952,255.7307
-58.9544,23.9937,261.2007
-46.1546,10.8583,275.5504
-62.2627,9.0974,256.1304
-62.6183,-4.8471,259.0506
-46.0729,-18.5775,276.0373
-59.9730,-21.4934,253.3453
-25.4272,-30.3986,274.6383
-51.4472,-38.4453,252.6681
-21.9554,-46.2536,276.9382
-19.7505,-61.1319,251.9816
-37.7346,-51.9184,253.1196
-1.0305,-61.6480,259.5234
9.3993,-48.1204,273.8485
14.3098,-62.9795,257.4722
29.2641,-58.2048,256.4349
38.5060,-33.1883,270.9319
42.0523,-47.9586,251.6993
-6.1178,-45.5535,28.2182
-5.1690,-65.0058,42.1844
-21.8047,-61.4430,43.4218
33.2655,-16.7700,83.2570
30.9078,-19.6706,69.8270
34.3060,-31.2625,81.9312
51.0581,-32.5413,93.9943
54.0926,-35.0934,63.4101
35.2425,-18.2159,93.8965
-37.7169,28.8935,24.5479
-49.4883,41.9495,43.7782
-58.7659,27.2764,47.4804
63.4012,-24.4584,102.3781
35.6752,-20.9325,105.9044
54.9857,-33.8170,108.3411
41.2128,-33.5413,107.5853
26.2245,-33.8324,106.5351
-37.9262,53.6915,41.3919
34.8704,-16.1268,142.9697
51.8910,-35.4357,144.6502
32.4564,-33.9022,144.8496
-8.2271,-38.2661,143.0241
54.5609,-33.9578,133.1122
28.3792,-18.3354,155.0403
53.7028,-37.6110,209.0782
37.1309,-30.0314,205.1429
24.5601,-44.1001,206.8440
54.0916,-37.7285,222.3543
37.0290,-18.8360,227.7583
32.9351,-14.7861,195.9745
38.1696,-27.5468,192.5575
54.9067,-34.6210,183.2614
36.4759,-17.6471,183.7906
28.3314,-30.1843,239.9372
54.2329,-36.1215,246.6031
38.8334,-18.0584,246.7834
39.5050,-32.6353,250.9501
-60.8842,-22.0138,41.6807
35.7777,-16.0431,168.1012
54.6285,-35.7511,170.0777
35.7942,-32.5857,161.5163
33.2405,-33.8984,42.7998
13.5987,50.7458,29.0519
14.2612,63.9055,41.6753
24.1081,38.3681,23.0100
25.8324,22.4927,33.7078
26.3560,57.0540,43.7583
24.8678,56.5869,56.1459
-42.8727,11.8007,24.3006
-63.8098,10.0417,48.4039
-46.4684,-7.2282,25.3294
-64.6134,-4.2461,51.3607
26.7267,-59.7722,49.0998
8.8618,-45.7364,24.3817
14.2623,-62.8619,40.5809
62.4851,21.4136,38.7102
50.2133,7.2609,41.1639
55.6731,21.7865,29.1630
39.6434,-27.5944,131.9633
37.3066,-32.1854,62.4111
42.2603,-22.3534,117.5154
35.5956,-32.9522,119.2783
53.8661,38.7030,41.1666
51.8052,38.2307,55.1708
62.8413,18.3567,58.2694
36.3850,23.1884,52.6975
51.8356,39.8092,68.4004
33.6596,40.5113,58.7420
35.0454,35.2860,73.2224
62.9449,18.7932,78.1845
37.5548,22.7669,79.1863
41.7495,11.1341,75.9365
36.3047,3.5444,68.1209
22.0476,37.6026,83.6970
52.2425,38.5468,95.0269
62.5291,19.3329,98.6599
36.8920,32.7915,90.9397
33.8090,25.7248,104.9518
36.1080,38.0761,105.7911
22.8064,33.0818,99.3029
51.2105,37.9503,119.8314
61.4570,19.2974,114.6465
35.8139,30.3603,119.4855
62.9874,20.2239,128.2589
40.4519,30.6998,132.5176
23.9480,27.5701,133.1714
-18.3105,15.4957,133.9455
-2.4930,39.1149,133.8255
37.2821,9.1935,129.0414
63.0042,20.0512,146.0662
39.0873,19.6697,140.9977
51.0296,36.2194,145.9329
32.3556,8.2376,144.3020
36.3559,19.5159,152.8582
34.2088,30.0657,144.5945
36.3277,33.0730,156.8644
23.2211,31.9977,150.7927
-6.2625,38.4319,169.8672
53.3104,39.5046,169.5345
62.2877,20.2240,168.7985
37.9167,19.0946,166.9526
39.4362,35.8302,169.7277
53.1197,37.9073,183.1201
62.7372,19.8890,186.9158
29.4919,24.7631,181.7030
35.6993,22.8485,195.9696
49.7981,40.7378,195.3823
28.8620,35.8970,196.5888
64.6934,17.7679,219.2324
39.4598,24.1977,224.4404
51.8738,37.0629,221.2541
37.9575,35.9916,209.7129
62.1756,21.8746,236.2290
53.5292,24.6807,248.1889
52.4069,37.7412,234.1532
62.4729,19.6461,258.4063
49.5526,27.9340,262.6212
39.8264,34.9212,21.0794
39.5619,52.7530,41.4236
-2.1789,48.1962,24.7612
-5.3096,64.4589,40.6556
7.8946,51.6526,254.4748
11.7777,64.8613,247.2930
20.3788,28.9876,262.8310
24.5735,59.9101,233.2765
-8.1355,50.4069,259.2862
-1.2015,64.8995,248.0241
-38.2913,16.1834,213.9843
-59.5721,25.4816,247.5716
-45.4294,3.9762,261.9064
-34.1505,-7.5821,218.9236
-44.6595,-22.4888,248.7229
-64.3629,-5.5313,246.5742
-18.8637,-46.0577,261.4545
-24.6604,-45.9929,248.8931
-31.9229,-33.4177,258.7738
2.5974,-47.2458,260.4789
9.2755,-63.1805,240.5370
-4.4639,-66.3688,247.0571
22.7497,-45.9519,263.3527
25.2204,-59.1457,240.0868
40.8228,-49.1209,117.8053
44.1315,-30.6869,219.5227
-23.0307,36.9991,27.4309
-22.2964,19.5124,27.2765
-50.5958,-36.8660,48.0813
-44.3981,-15.4866,92.4899
-31.0065,-34.5022,32.5406
34.2448,-31.6393,95.6911
38.7172,-48.1956,92.5014
39.2124,-48.4428,196.4014
40.9478,-47.9223,170.1623
41.7774,-49.4165,79.9752
36.8311,38.2282,184.4939
41.0061,-51.0094,144.3939
6.5935,49.1703,44.3160
11.4918,63.8566,53.9342
39.3801,-50.5463,212.2765
36.9192,-31.8597,180.2668
-45.4338,20.5538,39.6935
-43.8804,6.9737,54.3600
-35.0205,10.0976,81.7528
58.6809,-31.8890,33.2130
22.2397,-16.7960,29.3809
35.4649,37.9926,40.3448
41.2322,50.5485,53.5862
-48.5843,-4.5385,41.8340
6.3586,-48.1894,41.5845
10.8983,-63.1252,53.1026
-9.7789,-51.4294,41.0669
-0.8197,-48.4739,54.5440
-2.2973,-63.4774,56.0551
-21.8641,-43.7593,41.3419
-18.4298,-61.2037,56.4618
40.4782,-47.2863,131.8247
-34.6846,37.3572,42.5167
-47.9537,41.8302,62.0515
5.8429,65.1760,233.8567
8.0708,51.6331,235.5251
-5.1004,51.6444,245.5989
-17.2147,60.9214,236.6955
-19.0894,33.2498,259.9517
-14.9927,21.9220,255.9091
-14.5748,32.1909,247.4269
-18.8674,47.4863,220.3430
-6.8644,63.5271,221.5863
-29.0126,33.7946,247.8014
-34.3502,51.9332,235.1100
-49.7639,40.9419,238.4732
-58.1716,28.5817,233.6948
-44.0473,-3.2893,249.7556
-64.6126,11.1639,237.7753
-59.8018,-19.4427,234.8885
-64.5821,-2.9009,232.1529
-37.8813,-36.5667,245.6838
-50.3220,-35.7875,234.8624
-53.2280,-38.6138,221.9691
-36.2224,-14.5553,188.8690
-21.4842,-62.0722,235.9149
-33.9452,-51.5736,235.2461
11.8823,-50.0282,248.4058
-5.2699,-46.5901,248.2993
-5.7441,-62.9740,234.9425
26.5564,-44.1649,246.6415
41.5723,-49.6367,229.2057
38.6817,-47.8222,66.0583
20.0838,-46.8452,67.4313
-32.1955,53.6097,54.7527
-3.1300,63.3127,55.4326
39.7840,-48.5975,156.1277
39.4502,52.2075,69.3940
39.4368,50.0996,82.4431
39.3420,52.9199,94.8020
39.3722,51.3237,106.9468
37.6966,50.9946,119.6266
40.5290,49.8571,132.2973
35.6887,46.7671,145.2688
41.2062,49.7171,157.9486
37.4713,51.6175,171.8644
38.4146,53.5618,184.4115
38.6010,51.2622,203.2009
31.5828,52.8219,219.5129
42.6349,-50.0498,183.0995
26.8543,-31.3371,258.0271
-45.1615,-18.5053,51.2567
-61.5968,-18.9642,54.2397
-22.6535,61.4770,38.1949
-19.1558,34.7955,47.3900
-19.3183,60.9805,69.4551
41.0650,-50.6843,105.0662
-37.3217,-51.7835,52.4126
26.8129,-41.2590,232.9414
-33.4170,35.0296,60.2802
-36.5658,52.6056,68.9235
-46.4327,23.8680,54.8691
-58.0567,24.9972,66.9484
26.8305,-58.3819,134.7554
24.0827,-40.4336,121.0525
25.7689,-58.1874,121.5697
26.8528,-44.9056,132.1422
23.7501,-58.9498,183.4471
25.5626,-59.3304,216.0777
26.9428,-47.5349,222.0584
19.8065,-48.0082,168.3573
22.7476,-61.9851,170.8331
25.8076,-43.5277,182.3802
9.2352,-62.4846,67.2595
-4.9826,-64.7774,75.0817
24.9366,-47.2028,106.4970
23.7830,-59.7918,106.5919
22.7911,-39.7516,93.6981
23.4827,56.4032,80.1015
26.3924,58.8370,67.9304
24.2071,51.2036,94.0674
21.5379,49.4376,109.9675
23.3989,45.1144,128.3797
22.8534,59.1497,158.5869
19.1312,51.5981,170.5928
26.2779,56.3939,193.9787
25.9252,33.5223,222.1663
40.1050,50.1502,232.6086
36.9743,36.6943,229.4911
20.6241,-46.5021,153.3649
24.0995,-59.8858,156.9652
24.7108,-47.5288,142.4640
20.5469,-49.3381,192.1278
25.6172,-59.3139,198.8854
-59.1962,8.9829,66.3885
8.8357,49.4882,64.9192
12.2019,64.2184,72.4259
23.1166,-59.8480,78.9432
20.3258,-49.9838,53.8131
26.2957,-59.8449,64.9514
18.9219,38.3388,52.9415
-1.7094,63.9947,74.0211
-9.5896,18.1533,54.1744
-22.5106,45.6511,78.7132
-18.2753,60.9269,83.3615
38.4051,34.9962,246.7096
33.9966,38.8194,262.8333
-49.7453,-7.4566,57.4950
-62.2554,-7.2276,67.5804
14.7932,63.2306,221.1622
-7.7969,47.5612,232.6100
-31.7580,36.6897,229.8252
-36.6617,53.9479,221.8595
-43.9998,27.3587,238.5514
-48.2275,24.2931,224.6476
-29.9912,6.1317,191.2583
-48.4622,40.4470,222.2434
-61.8770,22.2891,222.4109
-49.3231,10.5353,235.5009
-64.6426,7.7372,222.2732
-50.3763,-9.1597,238.6778
-65.8586,-9.4316,221.6477
-41.7501,-20.3328,234.0546
-61.0686,-24.6940,222.5642
-15.8240,-49.3729,236.8768
-21.1197,-45.6397,217.9270
-22.0737,-60.9718,223.5112
0.2313,-46.6587,234.4972
-4.7602,-66.0209,221.7383
13.9602,-47.3526,229.4764
10.8813,-63.2272,223.6062
25.4237,-61.1356,146.6835
-37.4504,-51.7644,73.6938
-51.1392,-38.0578,69.7093
-60.6091,-24.7261,67.6186
-19.3813,-61.1633,72.9411
25.3997,52.0265,181.0933
-16.3837,-47.5150,52.9149
24.5252,-58.7902,93.1761
-33.6942,21.8428,109.9898
-33.2420,35.1605,76.5223
-34.7666,52.5101,83.5731
-46.0355,5.6671,76.5239
-36.9164,-10.2337,113.8361
-63.9172,6.4543,80.2950
8.2656,-63.2597,82.8418
-4.7007,-48.4853,67.1381
-6.4791,-50.6329,81.2899
1.6173,50.0596,219.8930
0.1331,63.3135,209.2141
-17.4875,61.2953,208.7958
-17.8108,27.2825,233.7745
-34.6454,52.2730,208.4620
-38.3583,52.8732,195.3384
-48.4485,39.9411,207.1641
-57.6799,26.3221,210.5586
-47.8771,12.0944,218.1872
-60.6460,10.6160,208.2715
-51.7178,-6.0974,222.4603
-63.7262,-3.3873,210.0378
-45.7444,-22.4759,220.8643
-61.7676,-19.7628,210.5939
-33.1587,-33.1028,234.4647
-40.5600,-49.2228,222.1730
-18.0761,-61.7306,211.1691
-4.1938,-51.6470,221.2198
-2.2333,-63.7473,208.5720
11.9880,-60.4709,209.6264
-17.7670,34.3471,66.7326
-20.8482,61.8226,96.4896
-42.6262,27.3419,67.5410
-60.9466,25.5551,79.9128
10.8702,-58.8861,144.4369
-8.0690,-63.8809,143.7647
10.6258,-62.2375,158.3375
20.4916,61.4871,208.0540
12.2746,-65.0912,133.2937
10.5493,-59.8726,181.4602
10.8395,-61.7472,196.5545
-30.2780,-36.8959,48.4785
-22.6656,-45.7931,65.9821
-34.1487,-31.8096,61.4989
26.5814,60.2632,117.4331
24.3445,61.1438,172.3704
7.5107,63.3462,170.8941
-6.9137,62.2168,179.0264
8.5291,-63.6626,169.2875
24.8637,-44.9543,81.5495
9.5890,-48.1306,76.2054
11.9894,-60.8851,120.7783
8.3268,-63.3280,106.7814
-49.7430,39.1079,80.0985
-30.9507,21.1753,72.7488
-46.4950,20.0104,78.3201
-60.6355,25.4345,91.8144
-47.5721,-19.4289,66.9586
-50.2464,-38.9858,87.2875
-58.2026,-22.2525,80.4890
10.4193,-65.5012,93.5513
-44.5965,-2.2998,67.4508
-22.9492,61.7833,222.2427
-20.2497,31.4798,221.0869
-20.3026,46.0543,198.9289
-20.8206,61.7805,194.9344
-35.7034,-32.1466,221.6807
-49.5693,-35.5648,208.8457
-35.5128,-52.8367,210.1313
9.2607,60.0163,93.6732
24.4094,61.4111,105.8495
23.4123,61.1626,130.9326
26.0176,59.0480,144.0692
12.0831,61.4876,185.5688
11.2036,63.2268,198.4374
-35.9253,52.8543,100.4725
-6.5586,-62.6587,93.6904
-22.8839,-50.6099,84.3344
-21.5605,-60.8371,101.4076
-52.5552,-6.4646,79.0511
-61.1683,-5.0870,92.1046
-48.1150,41.8310,97.4421
-20.9878,24.4900,79.6966
-47.9256,25.3696,92.0737
-45.8485,27.1920,107.7582
-41.4187,19.7480,156.5338
-64.2721,10.6932,99.9888
-59.1976,26.3765,104.1116
-32.1258,-30.0280,79.8381
-45.8434,-22.5323,79.7790
-61.4939,-21.1558,98.3194
-36.9021,-51.2478,99.6794
-2.7937,64.7613,192.8826
-14.8737,32.3929,208.7037
-19.5828,61.9716,179.4968
-31.4974,37.3637,213.8225
-30.0750,9.3486,171.4874
-42.9143,26.9454,211.6791
-47.0415,22.4536,194.4647
-50.8736,41.9255,195.1406
-60.0248,27.3243,195.4894
-44.9568,14.4611,205.4634
-64.3405,9.6904,195.4377
-44.4780,-11.3517,170.4832
-49.6364,-15.6010,209.1805
-44.2899,-18.8937,197.2370
-60.9678,-24.1340,196.3778
-45.4270,-2.8169,207.9964
-63.1982,-8.3889,195.9813
-21.8121,-46.6480,204.6850
-11.4213,-48.1078,193.1276
-19.9487,-61.5848,197.6816
-31.9079,-35.8005,206.8463
-37.1748,-51.2343,195.5563
-5.7446,-46.0642,207.5783
-4.1037,-63.4485,193.9417
-66.2465,-11.9987,78.8979
-19.4283,-17.8031,78.1291
-49.5497,-14.9906,106.2242
-4.9930,47.3058,80.1788
-6.2562,64.4994,91.7688
-15.6346,33.9630,83.6726
-19.5357,47.1468,91.8127
-16.2090,50.9137,108.2448
-2.2303,-56.6657,118.7999
-8.0125,-45.2684,117.3265
11.1536,-47.5546,116.8749
10.4629,64.4644,105.9870
-4.8353,63.6252,111.5485
9.1292,48.0312,103.7382
10.9186,60.4475,119.4571
21.8042,34.5010,115.3305
11.1942,62.8341,145.5326
12.5577,47.0916,180.2700
21.7616,36.5240,184.3572
10.4255,-47.0100,143.7301
11.3326,49.4903,81.0879
-64.5740,-6.3514,106.0785
10.9507,-50.1391,91.9892
-30.6628,39.7025,91.2852
-6.7858,49.1430,97.9069
-15.4231,35.0460,95.2618
-20.9309,61.4820,114.1163
-3.3092,-59.9385,131.3592
15.8733,-48.2946,131.3840
28.7521,-32.5777,130.1592
-14.9686,-48.9472,95.0867
-32.5898,34.0470,194.9795
-32.6710,53.1210,183.0987
-47.9377,39.8933,182.2504
-58.2820,27.1946,180.6668
-47.7174,3.5824,195.2989
-61.5856,12.3648,182.7898
-58.7405,-21.0121,183.3809
-61.7349,-2.9763,179.9046
-52.3728,-37.9860,194.9074
-34.5764,-34.2812,189.4284
-49.8050,-38.0050,180.9071
-50.9463,-37.6160,163.8199
-18.5845,-60.9838,183.7271
-36.6851,-53.2903,180.1423
9.1286,-47.3651,199.5860
-5.0104,-63.9731,174.7597
9.1980,65.2816,131.4728
9.6663,51.4800,132.9765
3.6599,49.0833,163.8627
7.8383,35.7435,177.0980
22.6246,34.8024,170.4813
10.5555,50.8353,208.4694
-49.6121,9.7671,90.5351
-2.9521,50.3954,197.0257
-8.9039,34.4748,196.9570
-1.3397,48.6184,181.2725
-3.6889,-65.2244,157.4490
-3.5128,-50.1213,148.0272
8.1601,-45.4163,156.3290
8.0562,-49.7799,167.1722
-52.3786,-36.1640,104.6979
7.1272,-47.8355,182.1592
-1.4361,64.9193,158.7209
-33.3677,-28.8913,107.1282
-61.5544,-18.6066,117.0198
-48.0395,0.3501,105.6553
-66.0142,-3.1490,120.4079
-35.9955,35.4577,107.4032
-33.9865,50.8880,118.2954
-58.7274,24.7849,117.7128
-47.2315,14.5908,104.9764
-62.8137,7.7108,114.2263
-4.6751,-48.9594,105.2263
-32.3206,34.3826,172.2199
-45.2935,22.2084,175.5764
-49.8086,39.5164,164.6938
-59.5453,25.8157,163.7071
-43.1354,9.1433,183.3690
-63.4528,11.2375,169.2882
-45.8167,-8.8397,184.7470
-63.8646,-6.8301,163.9454
-42.4737,-24.1063,184.2461
-59.6324,-23.6621,169.9854
-22.9629,-45.4591,181.6961
-20.4972,-60.7604,170.8531
-7.8237,-46.4858,178.4757
-15.6849,62.8091,167.8355
-35.6527,-49.9732,117.2739
-51.6439,-35.7677,119.2937
-21.1093,-61.8295,130.9473
1.3555,-45.4371,130.7862
12.4084,-31.6823,127.4020
-14.5650,51.9927,186.0600
-34.3957,53.2899,163.3728
15.2782,-66.8252,188.7571
15.0474,-32.0034,182.1532
-4.1305,62.5207,131.7287
-3.8906,64.7737,146.2506
-20.1236,63.7666,157.2273
-20.1284,-61.0851,155.0174
-4.0635,-50.5004,164.6812
-50.1011,40.3055,114.3457
-16.2644,45.3114,122.3314
-29.1620,33.4839,122.8645
-35.6851,52.5955,136.5574
-51.7651,-6.0353,120.9565
-64.7891,-8.1103,132.3564
-46.7197,-21.0493,118.2655
-61.0573,-23.4392,130.9935
-48.6501,13.2413,120.3739
-62.9753,8.5503,131.2955
-43.0523,26.3358,122.3960
-59.9294,25.4205,131.3994
-52.1966,-38.3870,132.5376
0.2377,52.1948,109.1968
-19.3211,34.8967,107.1332
-22.0736,17.8612,106.3750
-18.3241,-59.5864,117.6174
-48.8051,4.4432,171.1974
-61.9624,9.1210,151.1512
-44.8432,-25.5535,171.5915
-62.4209,-21.6389,157.7447
-33.2631,-34.6612,172.8824
-37.9780,-50.9271,164.2295
-19.8229,-42.2147,168.4988
-49.1705,40.5229,131.1655
0.8270,68.4543,100.9680
-0.7284,36.7537,104.4862
-3.9346,51.1798,120.3416
-20.6636,-45.3099,109.2414
-37.5209,-51.1114,131.8705
2.6877,-66.8124,123.1516
1.5464,-19.4426,119.7172
-16.4434,49.1804,172.5995
-61.0286,-5.5434,146.1217
-20.5458,62.4239,131.5066
-31.7186,29.1371,138.5801
4.5328,-67.9787,183.9030
-58.1554,25.3857,145.7500
-6.4332,-65.7987,112.7630
-37.4605,-49.5700,147.1825
-21.0933,-51.9744,143.2750
-23.3303,-34.3623,145.4001
-19.5899,-45.8653,155.4809
-15.9944,-47.7056,130.2193
-19.8960,61.2099,144.6934
-46.9751,42.7865,148.4623
-60.2309,-21.0425,145.0746
-31.7059,-30.9703,127.7300
-9.7574,-67.2908,127.4551
-1.6243,-25.8700,132.0653
-17.0690,35.9944,181.8325
-52.7573,-35.6509,146.1494
-16.6063,33.4050,120.1642
-43.0945,-0.4344,156.6632
-49.5569,-18.6431,157.3542
-33.0039,-38.5220,158.0582
-19.4686,46.1215,136.8602
-2.3089,48.6215,146.7456
-14.4621,36.7261,145.8938
-19.5283,22.8330,149.1910
-13.7378,49.9450,156.4990
-18.7598,38.2260,163.0129
-14.1062,-32.4222,120.3312
-30.2654,38.3784,153.2628
-39.0861,-28.3364,144.5473
-14.9368,-31.4579,134.0607
48.5623,9.6219,289.2106
22.1205,22.3896,287.3033
35.6341,19.7304,288.4509
19.9099,33.6500,290.1811
53.8531,40.9630,293.5405
7.0536,34.0015,290.7498
9.4676,21.3636,291.3938
11.0616,44.3669,284.3290
5.3395,65.7687,291.7728
-12.6093,64.9986,292.5586
-29.4894,60.0274,292.0141
-39.1338,53.9698,292.6604
-54.6165,37.7770,291.7978
-65.3832,-10.9871,292.4042
-59.4135,-30.6193,291.9415
-34.1550,-57.8819,291.8492
8.9743,-29.2177,288.8497
63.7484,-16.9189,291.9547
59.5921,30.1209,291.2722
43.7393,43.1759,292.2768
14.4778,63.5652,292.5509
-20.7782,65.2524,294.3359
-47.1524,46.6263,291.4313
-65.6580,10.3564,292.5894
-31.5887,-16.4566,285.2180
-62.8399,-20.5661,292.1681
-54.6072,-39.4800,292.8257
-25.1912,-62.0583,292.4069
-14.5761,-66.0115,292.7875
25.9852,-30.5858,290.1018
27.3684,-59.6150,293.4319
50.1793,-44.0570,291.6165
66.8077,-5.3144,293.6272
-20.6541,54.7289,293.0587
-4.1003,64.9799,292.3301
-10.4593,55.7074,290.6234
20.4712,-4.0741,289.8041
35.1149,-6.0604,288.2106
-30.6139,18.7606,289.0866
-36.1928,41.6184,291.9574
-16.6313,23.3220,289.0246
-29.4618,0.4021,289.5254
-34.5098,24.8727,274.9234
-15.0981,-1.7918,289.0946
-25.3261,-3.3113,277.6051
-51.3401,-7.2484,293.9424
-32.2019,-48.6959,294.0128
-41.4023,-48.8637,287.1232
7.1032,-51.9769,293.9614
44.5268,-36.1943,294.4811
24.7375,8.1033,287.6999
36.0304,6.6674,291.6498
46.9279,28.6243,291.5434
-0.9464,57.0460,292.1753
-27.9093,49.2260,293.6293
-51.7513,-16.8918,290.1148
-26.5887,-52.8376,285.5042
-5.1173,-31.7332,290.4438
18.6442,-52.9040,293.4968
-4.1466,-6.3476,288.1573
7.6708,-7.4471,291.1445
5.5619,-3.9430,276.7622
-1.2229,6.5536,289.7494
-3.0110,-18.5959,290.2737
-18.0713,10.5653,289.0277
-3.1631,21.5566,289.6951
11.8669,6.8159,289.1947
8.6277,12.4342,275.6130
7.8951,-18.8115,276.5939
6.1466,52.1166,292.3045
-33.8248,30.2807,291.1885
20.4619,44.7931,293.0569
-26.7562,39.1190,292.5937
-16.6137,-16.8475,288.7176
-24.8013,29.7252,292.9370
25.1801,-22.2547,275.3985
6.6182,31.0052,276.5193
-3.5268,-30.3147,276.9469
-27.7461,11.1014,272.4953
20.7492,-2.9278,273.1184
23.4342,18.2515,273.3732
48.3262,8.3423,10.1190
-7.5186,34.2965,9.2427
7.0530,36.6003,10.3365
-26.1064,22.0273,12.3069
-31.3029,-16.1961,9.3020
9.5025,22.8941,14.5405
22.2062,8.7868,16.6352
10.6607,2.2811,12.0276
23.4172,-6.9191,12.0290
21.7096,8.0999,31.9455
39.8379,20.9734,10.3949
36.4190,0.4780,10.9669
38.3162,12.0819,24.5237
7.7142,-30.2132,11.2267
-31.6251,9.6948,10.1521
-30.8968,-1.5978,12.5073
-12.0707,-29.4980,10.1085
-11.0122,20.7744,12.9020
8.0308,-14.6447,9.4601
9.5009,-14.2495,21.1226
8.1835,-30.2535,27.4860
-17.8835,-12.5359,12.4758
-29.2897,-20.0107,27.5755
8.5979,38.3312,27.7699
12.5589,23.0663,28.5901
-16.9714,9.3461,19.9714
-27.1401,6.8373,25.4496
-30.7774,-5.8169,26.7832
-3.2471,-18.4446,11.9707
-5.0312,-30.3379,25.1311
-16.6733,-13.2524,29.0349
-2.7445,0.9827,15.6508
-17.1369,5.1911,8.9048
-17.1294,-2.5528,22.7572
-16.6803,7.9896,48.0656
-4.4424,-14.7218,24.7337
-5.5893,-16.1589,38.2290
-5.9906,9.1803,6.7328
-5.6558,15.8750,27.0432
-5.9498,31.1899,27.1116
0.2235,21.6634,39.9056
2.2392,15.2503,7.2373
11.6322,27.2607,246.3240
24.4570,21.9347,249.5156
9.2908,10.4789,246.2804
6.9602,21.7752,233.0054
-19.2194,21.8287,244.0870
-26.4316,16.7238,249.9139
-16.0357,7.2103,248.0363
-1.5088,36.7073,243.4865
-6.8376,34.5587,260.0076
-3.4230,34.5481,223.6580
-3.1381,2.7715,248.6232
-4.2011,5.3123,235.1888
-6.5366,21.2942,232.7325
12.8143,-21.2775,251.2406
8.4856,-33.2085,260.9553
12.9799,-31.6014,229.1967
-19.6173,-32.5865,244.6791
-10.9254,-32.6136,261.7203
-19.0430,-36.3093,229.2861
0.2264,-33.4436,193.3930
13.1805,-29.1516,196.9087
24.1864,-35.9943,195.6644
9.5316,-17.2966,198.3927
-16.7994,-33.0462,194.0309
-20.8068,-27.1738,219.2440
-18.9752,-32.2045,179.3952
-3.3026,-31.4875,220.3014
-3.0071,-31.4021,180.3648
16.4507,25.8568,192.4814
9.5730,9.3033,194.0456
11.1868,24.7307,219.7166
10.1153,20.9830,180.2584
-18.6811,17.1768,197.1618
-35.1371,15.4523,195.8034
-0.8444,33.8752,185.8732
-3.6685,3.5526,202.3458
-10.4192,20.2661,182.5405
22.3664,-17.8584,263.2503
-1.7509,-18.6055,261.7145
5.3107,-3.8269,257.1179
38.6894,9.4915,250.8111
36.1346,21.6836,259.1970
25.2583,7.9292,240.0243
10.6840,7.9098,228.4330
24.9728,27.5266,235.4800
6.6428,37.5452,258.7747
-18.1048,12.0875,261.7851
-30.0968,5.8957,256.5766
-27.7760,22.9926,261.3055
-16.5896,-2.8339,260.0818
10.5530,9.2494,212.6406
21.7551,24.2536,208.0030
22.6353,6.9523,198.0483
4.5685,37.7625,208.5690
9.6586,-5.9116,207.4303
9.3903,-4.0204,237.3486
10.0092,-6.4175,193.6042
-7.4689,24.3145,143.2878
8.3154,22.1765,146.1300
9.2091,4.3712,144.9452
10.1125,20.7304,165.8904
8.7639,11.7391,132.5054
-19.0767,24.6744,166.9255
-6.2632,8.3976,151.9789
-4.2750,-6.2972,149.2135
-5.3686,8.8567,169.9823
-4.8731,8.9108,135.4355
-2.9945,26.2942,171.3866
-3.5978,22.7054,129.9531
0.4196,16.3430,119.0932
-5.1150,25.1807,94.9835
10.5047,23.6929,90.3441
25.6921,20.2231,96.6933
11.8511,6.9504,92.4382
11.7970,21.6280,120.7507
12.6219,23.2604,76.9223
-18.0525,21.5298,94.0719
-33.1062,25.1227,92.1859
-16.9973,6.7719,100.0203
-16.5665,22.1960,118.7760
-3.8040,32.0542,118.6807
0.3056,31.8437,83.6033
-1.6742,7.7522,92.2693
-4.8668,-6.8355,94.1652
0.0419,3.9977,118.3869
-5.6052,7.7814,76.8699
-5.5637,21.0213,80.5202
-3.6968,17.1743,66.1450
10.1455,-34.7273,143.7106
7.2823,-36.0845,168.8236
-6.7777,-23.6220,145.5695
-24.4177,-18.6248,141.9515
-9.3488,-30.9266,169.4853
-21.2232,-25.1113,168.8990
12.6975,35.6441,233.3629
25.8898,43.9487,235.7503
-20.4128,11.5229,234.8866
-32.3480,20.3532,238.5762
-35.9840,-3.5878,233.1209
-18.1117,-2.5565,229.4155
-19.2042,-19.3086,258.1879
-26.5906,-18.2840,230.4574
-9.0404,-17.9081,232.1238
6.1658,-19.2332,237.1727
12.2212,-31.3758,113.5369
9.0517,-23.1627,80.7286
-15.9913,-33.0418,93.6033
-21.7676,-17.1345,94.1768
-13.2787,-33.7781,72.8050
-5.6676,-19.3755,86.3753
-3.3927,-44.4874,92.6200
0.1611,-35.7791,82.3589
-5.1534,-35.2749,42.9920
17.2965,-30.5363,39.1772
-17.3321,-25.4197,37.4301
-16.8343,-31.0249,54.3981
-17.0776,-29.6297,22.2041
-8.7089,-18.0922,50.8118
6.8395,10.0181,27.7054
-3.6035,9.6379,41.2196
5.6262,8.1304,56.8672
8.7828,-18.0645,40.6375
23.9343,-18.6256,47.1521
20.4246,-33.1594,55.2213
16.1372,-18.1746,65.5501
20.8157,10.5575,54.5483
21.5121,24.1771,47.5000
19.9075,10.5642,68.0572
31.6440,9.7727,41.5783
21.8620,-17.1256,79.6897
23.7308,-11.7528,105.4954
8.3874,-5.1416,81.1055
-7.0684,-5.9147,77.1043
8.1670,10.2316,78.8924
8.3470,-4.1395,105.8462
13.1074,-19.8367,107.1508
-3.8315,-19.4821,104.9746
24.9213,-4.8794,42.4165
21.8770,8.8652,100.2179
37.3855,-2.6994,102.3945
-3.4834,-2.2785,48.8029
3.5430,0.3289,67.5239
21.9907,-3.7521,67.4191
-33.2833,-5.5829,54.6877
-17.5387,-6.5488,54.3576
-20.7800,-7.0921,68.1521
-19.2460,-5.1230,39.9099
-20.7463,-19.2915,61.8696
-3.3596,-19.1795,69.0857
-35.3051,-7.5972,80.9766
-19.6671,11.7706,83.0556
-16.1634,-5.5769,105.8091
-19.9460,-18.8772,112.4139
-11.4676,-34.4028,107.3835
-26.1481,4.0736,55.1057
-28.8081,19.2236,55.4839
-30.8132,4.6837,68.9720
-31.3313,7.1923,40.2643
-2.0812,34.3352,53.2726
-0.6527,32.4912,69.8155
-2.5839,36.6409,39.7899
7.7145,22.1300,54.2416
11.1043,33.2163,64.3971
10.5296,37.2819,77.2320
25.2915,9.5542,80.8842
25.7384,25.0980,84.3288
23.6600,-5.7096,91.6758
7.9427,-3.8027,93.1413
22.3786,-23.8015,93.5647
11.4700,-43.6237,104.5417
-5.0176,1.4095,106.2755
-32.8269,7.7661,96.7725
-30.5918,-7.4198,102.2011
-31.7438,7.9575,119.1568
-13.2056,7.3190,119.3292
-22.5683,-6.7913,118.5496
13.3010,38.8335,105.2502
8.9921,24.0714,104.6128
8.7591,33.0852,114.6513
10.2138,33.2116,129.1976
12.7838,5.0128,121.7410
24.5022,-20.4693,121.1539
22.7943,-22.0471,138.8382
24.0021,-4.2868,132.3587
23.4289,10.8614,132.8318
21.5457,-4.2496,147.6816
9.6616,-18.5444,156.3234
7.8750,-2.2077,158.7851
3.2032,-22.8455,171.4949
6.2768,10.8540,158.5029
22.6791,7.6554,158.3904
10.4365,6.8163,174.7209
-15.6500,-18.3606,128.3570
-33.9943,-12.9499,127.7130
-33.7791,-22.3257,159.3207
-19.8700,-3.2407,131.2791
-2.7922,-4.4379,130.8969
-17.2589,-19.3570,154.8124
-21.6634,-32.2861,159.6290
-48.2676,-19.7590,133.6568
-47.5794,1.4067,136.9660
22.6691,-20.8765,190.9497
21.6074,-3.7734,184.6828
22.8016,-19.4068,208.4039
-10.0695,-18.8624,182.2178
0.4817,-2.8400,184.1632
36.1008,-3.2745,146.8774
37.8575,6.6334,157.3006
19.1349,-1.3320,170.5493
7.6739,-9.3754,172.3170
22.1511,-18.5450,172.6321
-30.5006,-18.8840,177.1353
-30.9998,-4.9657,182.0473
-31.7230,-19.2221,210.2618
-16.0128,1.6760,185.6751
-15.4024,-20.0135,206.4934
-22.7087,11.3115,157.9905
-24.0699,-5.2027,160.6473
-17.6036,-0.4372,144.6029
-28.8461,20.1544,183.9695
-34.5760,6.4028,205.9372
-20.5078,0.6537,207.8989
7.7604,33.9673,159.4253
22.9481,22.8386,159.6402
-7.6742,34.2536,157.0797
37.4139,-5.2167,181.4581
21.2219,-18.7440,235.6504
35.6361,-2.5225,246.9353
26.6374,-3.5253,222.4775
2.4102,-6.0449,222.3234
22.8238,26.3503,67.2054
-10.3032,5.6104,276.5184
22.1322,-32.9641,72.1932
7.7658,-34.4431,69.3346
25.0798,-34.6516,171.7034
10.5658,-33.5959,209.6648
-5.8149,-30.4797,204.8584
28.0936,-33.3751,221.2488
23.4471,18.4021,114.1596
-15.2573,31.0967,132.1652
23.8730,43.3058,207.0795
-30.4672,-20.5972,247.1916
-26.4867,-4.9114,245.7504
-14.4526,21.4146,40.2093
-17.3441,17.4728,69.4381
-33.9591,23.1645,224.0324
-33.1925,7.6317,222.6324
-29.4153,20.8213,208.8199
-32.0820,7.4545,141.8196
-45.8726,19.3322,137.0050
-26.3298,-20.7287,193.2815
-31.6676,-6.7173,198.5696
20.4726,59.4545,283.3967
13.6839,50.2873,292.7625
-54.2929,43.2377,4.9174
17.0865,-65.7986,6.6463
60.0402,-36.6035,295.4542
-66.6839,18.7590,4.9463
66.0013,14.9333,294.8387
19.9528,65.5556,8.2185
4.7826,-69.4988,4.9080
69.1229,0.5322,5.1721
6.2531,-67.8865,293.5640
33.1252,-58.6937,6.6699
61.4217,-26.0990,7.1287
60.5050,30.1454,6.0176
-49.5726,-46.7454,293.1369
47.6357,-51.9459,295.6676
41.5771,53.6575,294.1408
40.8854,54.2557,5.5792
-4.7973,69.2684,5.2905
24.8755,63.4111,292.8097
-36.6637,56.8579,8.8062
-61.8232,31.1467,294.6277
-33.6241,-60.1419,8.4437
-66.6245,-4.6653,6.3032
16.2717,-68.0258,295.0807
-15.9524,-66.4199,8.1690
-55.6218,-39.8871,8.6397
-0.5597,70.3508,295.8470
-65.1020,-25.2024,5.0007
6.7690,67.8072,6.9192
64.0597,23.2069,294.8003
43.0374,-55.2529,5.5800
40.1215,-57.1288,295.0699
64.6883,-15.5542,8.3515
-43.8618,-54.6659,294.6827
68.3848,5.6298,291.7749
64.9835,18.8577,7.3249
35.5357,60.5776,294.4360
57.2108,40.4349,4.9102
47.3364,-48.0826,7.4985
-43.1731,-54.5007,6.3532
-65.9126,-14.8379,8.1338
-46.3993,48.7775,8.9445
52.2891,-48.5663,296.4745
-69.2795,-1.0630,295.1206
-58.8171,37.5515,5.3707
68.6652,10.4387,5.0831
-7.0940,70.2110,296.0147
-65.2789,21.5885,294.6254
48.4206,48.0491,6.7413
11.6185,-69.1334,4.3776
30.9815,60.5422,8.1761
-25.4217,-64.6099,5.2010
-47.5785,-47.9557,7.9294
-61.5565,-32.7307,4.8682
67.6043,-3.8487,90.1259
