0.00000000e+00,0.00000000e+00,0.00000000e+00,0.00000000e+00,0.00000000e+00,0.00000000e+00
0.00000000e+00,0.00000000e+00,1.25000000e-01,1.14155095e-04,9.11287532e-20,1.72559461e-04
0.00000000e+00,0.00000000e+00,2.50000000e-01,4.40555899e-04,2.08634175e-19,3.21669442e-04
0.00000000e+00,0.00000000e+00,3.75000000e-01,9.51344958e-04,3.47453362e-19,4.48229373e-04
0.00000000e+00,0.00000000e+00,5.00000000e-01,1.61966316e-03,5.00977346e-19,5.52717361e-04
0.00000000e+00,0.00000000e+00,6.25000000e-01,2.42463896e-03,6.50309394e-19,6.46020134e-04
0.00000000e+00,0.00000000e+00,7.50000000e-01,3.35350032e-03,7.95281085e-19,7.32377480e-04
0.00000000e+00,0.00000000e+00,8.75000000e-01,4.39567582e-03,9.36847369e-19,8.11771857e-04
0.00000000e+00,0.00000000e+00,1.00000000e+00,5.54068623e-03,1.07319401e-18,8.84214662e-04
0.00000000e+00,0.00000000e+00,1.12500000e+00,6.77812691e-03,1.20386093e-18,9.49699994e-04
0.00000000e+00,0.00000000e+00,1.25000000e+00,8.09766694e-03,1.32888392e-18,1.00824800e-03
0.00000000e+00,0.00000000e+00,1.37500000e+00,9.48904798e-03,1.44920676e-18,1.05984321e-03
0.00000000e+00,0.00000000e+00,1.50000000e+00,1.09420772e-02,1.56486445e-18,1.10448859e-03
0.00000000e+00,0.00000000e+00,1.62500000e+00,1.24466348e-02,1.67767164e-18,1.14216685e-03
0.00000000e+00,0.00000000e+00,1.75000000e+00,1.39926707e-02,1.78638860e-18,1.17285131e-03
0.00000000e+00,0.00000000e+00,1.87500000e+00,1.55701997e-02,1.89084503e-18,1.19651296e-03
0.00000000e+00,0.00000000e+00,2.00000000e+00,1.71693109e-02,1.99110782e-18,1.21319282e-03
0.00000000e+00,0.00000000e+00,2.12500000e+00,1.87795500e-02,2.08592334e-18,1.22478165e-03
0.00000000e+00,0.00000000e+00,2.25000000e+00,2.03848934e-02,2.17411430e-18,1.23858136e-03
0.00000000e+00,0.00000000e+00,2.37500000e+00,2.19730250e-02,2.25746171e-18,1.25914294e-03
0.00000000e+00,0.00000000e+00,2.50000000e+00,2.35340455e-02,2.33666627e-18,1.28673507e-03
0.00000000e+00,0.00000000e+00,2.62500000e+00,2.50579976e-02,2.41226019e-18,1.32133333e-03
0.00000000e+00,0.00000000e+00,2.75000000e+00,2.65348607e-02,2.48468616e-18,1.36291011e-03
0.00000000e+00,0.00000000e+00,2.87500000e+00,2.79545458e-02,2.55354688e-18,1.41144434e-03
0.00000000e+00,0.00000000e+00,3.00000000e+00,2.93068927e-02,2.61963686e-18,1.46693003e-03
0.00000000e+00,0.00000000e+00,3.12500000e+00,3.05816724e-02,2.68287607e-18,1.52935979e-03
0.00000000e+00,0.00000000e+00,3.25000000e+00,3.17685858e-02,2.74382741e-18,1.59873545e-03
0.00000000e+00,0.00000000e+00,3.37500000e+00,3.28572605e-02,2.80060197e-18,1.67506386e-03
0.00000000e+00,0.00000000e+00,3.50000000e+00,3.38372520e-02,2.85714045e-18,1.75835297e-03
0.00000000e+00,0.00000000e+00,3.62500000e+00,3.46980303e-02,2.91277909e-18,1.84859642e-03
0.00000000e+00,0.00000000e+00,3.75000000e+00,3.54289678e-02,2.96715912e-18,1.94578317e-03
0.00000000e+00,0.00000000e+00,3.87500000e+00,3.60128833e-02,3.02078654e-18,2.06255346e-03
0.00000000e+00,0.00000000e+00,4.00000000e+00,3.64243438e-02,3.07446198e-18,2.20165767e-03
6.00000000e+00,0.00000000e+00,0.00000000e+00,0.00000000e+00,0.00000000e+00,0.00000000e+00
6.00000000e+00,0.00000000e+00,1.25000000e-01,1.14873158e-04,-8.97816693e-20,1.62347449e-04
6.00000000e+00,0.00000000e+00,2.50000000e-01,4.42701947e-04,-1.77413976e-19,3.00695535e-04
6.00000000e+00,0.00000000e+00,3.75000000e-01,9.53696504e-04,-2.63712658e-19,4.15337887e-04
6.00000000e+00,0.00000000e+00,5.00000000e-01,1.61947485e-03,-3.44065615e-19,5.07652820e-04
6.00000000e+00,0.00000000e+00,6.25000000e-01,2.42055546e-03,-4.15040108e-19,5.92451039e-04
6.00000000e+00,0.00000000e+00,7.50000000e-01,3.34542290e-03,-4.78118735e-19,6.69924865e-04
6.00000000e+00,0.00000000e+00,8.75000000e-01,4.38275604e-03,-5.33614197e-19,7.40046618e-04
6.00000000e+00,0.00000000e+00,1.00000000e+00,5.52133980e-03,-5.82559135e-19,8.02790638e-04
6.00000000e+00,0.00000000e+00,1.12500000e+00,6.75005855e-03,-6.24369981e-19,8.58133059e-04
6.00000000e+00,0.00000000e+00,1.25000000e+00,8.05789020e-03,-6.60048055e-19,9.06051617e-04
6.00000000e+00,0.00000000e+00,1.37500000e+00,9.43390089e-03,-6.89682357e-19,9.46525490e-04
6.00000000e+00,0.00000000e+00,1.50000000e+00,1.08672401e-02,-7.14309938e-19,9.79535150e-04
6.00000000e+00,0.00000000e+00,1.62500000e+00,1.23471364e-02,-7.33525167e-19,1.00506224e-03
6.00000000e+00,0.00000000e+00,1.75000000e+00,1.38628932e-02,-7.47614379e-19,1.02308948e-03
6.00000000e+00,0.00000000e+00,1.87500000e+00,1.54038852e-02,-7.57092528e-19,1.03360054e-03
6.00000000e+00,0.00000000e+00,2.00000000e+00,1.69595840e-02,-7.62482235e-19,1.03684098e-03
6.00000000e+00,0.00000000e+00,2.12500000e+00,1.85205304e-02,-7.65034379e-19,1.03537822e-03
6.00000000e+00,0.00000000e+00,2.25000000e+00,2.00808019e-02,-7.65564306e-19,1.03441756e-03
6.00000000e+00,0.00000000e+00,2.37500000e+00,2.16333461e-02,-7.63292033e-19,1.03982146e-03
6.00000000e+00,0.00000000e+00,2.50000000e+00,2.31679787e-02,-7.57800220e-19,1.05263492e-03
6.00000000e+00,0.00000000e+00,2.62500000e+00,2.46741309e-02,-7.48868314e-19,1.07295966e-03
6.00000000e+00,0.00000000e+00,2.75000000e+00,2.61411562e-02,-7.36544910e-19,1.10077907e-03
6.00000000e+00,0.00000000e+00,2.87500000e+00,2.75583354e-02,-7.21164537e-19,1.13607555e-03
6.00000000e+00,0.00000000e+00,3.00000000e+00,2.89148732e-02,-7.02290285e-19,1.17883040e-03
6.00000000e+00,0.00000000e+00,3.12500000e+00,3.01998942e-02,-6.80494423e-19,1.22902370e-03
6.00000000e+00,0.00000000e+00,3.25000000e+00,3.14024379e-02,-6.55969846e-19,1.28663420e-03
6.00000000e+00,0.00000000e+00,3.37500000e+00,3.25114544e-02,-6.28585360e-19,1.35163918e-03
6.00000000e+00,0.00000000e+00,3.50000000e+00,3.35157981e-02,-5.97680017e-19,1.42401424e-03
6.00000000e+00,0.00000000e+00,3.62500000e+00,3.44042223e-02,-5.64862423e-19,1.50373312e-03
6.00000000e+00,0.00000000e+00,3.75000000e+00,3.51653720e-02,-5.30829505e-19,1.59076748e-03
6.00000000e+00,0.00000000e+00,3.87500000e+00,3.57858009e-02,-4.98224010e-19,1.68910428e-03
6.00000000e+00,0.00000000e+00,4.00000000e+00,3.62432111e-02,-4.65168233e-19,1.81097623e-03
1.00000000e+00,0.00000000e+00,4.00000000e+00,3.63941550e-02,2.73423297e-18,8.16329323e-04
2.00000000e+00,0.00000000e+00,4.00000000e+00,3.63639662e-02,2.09435273e-18,1.14919567e-03
3.00000000e+00,0.00000000e+00,4.00000000e+00,3.63337774e-02,1.30464687e-18,2.30767512e-03
4.00000000e+00,0.00000000e+00,4.00000000e+00,3.63035887e-02,5.14941014e-19,3.39918609e-03
5.00000000e+00,0.00000000e+00,4.00000000e+00,3.62733999e-02,-1.24939227e-19,3.53114699e-03
