1,3,1664
1,1687,48
1,169,77
1,1664,1687
1,77,3
1,48,169
2,123,1900
2,1863,78
2,1900,1863
2,78,49
2,49,123
3,124,4
3,1688,1664
3,4,1688
3,77,124
4,125,5
4,5,1665
4,1665,1688
4,124,125
5,1689,1665
5,6,1689
5,125,126
5,126,6
6,7,1666
6,126,127
6,127,7
6,1666,1689
7,8,1690
7,127,128
7,1690,1666
7,128,8
8,1667,1690
8,129,9
8,9,1667
8,128,129
9,10,1691
9,130,10
9,1691,1667
9,129,130
10,11,1668
10,1668,1691
10,130,131
10,131,11
11,1692,1668
11,132,12
11,12,1692
11,131,132
12,13,1669
12,132,133
12,133,13
12,1669,1692
13,14,1693
13,133,134
13,1693,1669
13,134,14
14,15,1670
14,134,135
14,135,15
14,1670,1693
15,16,1694
15,1694,1670
15,136,16
15,135,136
16,137,17
16,17,1671
16,136,137
16,1671,1694
17,138,18
17,18,1695
17,137,138
17,1695,1671
18,139,19
18,19,1672
18,1672,1695
18,138,139
19,20,1696
19,139,140
19,1696,1672
19,140,20
20,21,1673
20,141,21
20,140,141
20,1673,1696
21,141,142
21,22,1697
21,1697,1673
21,142,22
22,142,143
22,23,1674
22,1674,1697
22,143,23
23,24,1698
23,1698,1674
23,143,144
23,144,24
24,25,1675
24,144,145
24,1675,1698
24,145,25
25,26,1699
25,1699,1675
25,146,26
25,145,146
26,1676,1699
26,27,1676
26,147,27
26,146,147
27,148,28
27,28,1700
27,1700,1676
27,147,148
28,29,1677
28,148,149
28,1677,1700
28,149,29
29,149,150
29,1701,1677
29,30,1701
29,150,30
30,31,1678
30,1678,1701
30,150,151
30,151,31
31,32,1702
31,152,32
31,151,152
31,1702,1678
32,33,1679
32,1679,1702
32,153,33
32,152,153
33,1703,1679
33,153,154
33,154,34
33,34,1703
34,155,35
34,154,155
34,35,1680
34,1680,1703
35,155,156
35,156,36
35,1704,1680
35,36,1704
36,157,37
36,37,1681
36,156,157
36,1681,1704
37,1705,1681
37,38,1705
37,157,158
37,158,38
38,39,1682
38,1682,1705
38,158,159
38,159,39
39,1706,1682
39,40,1706
39,160,40
39,159,160
40,41,1683
40,161,41
40,1683,1706
40,160,161
41,42,1707
41,1707,1683
41,162,42
41,161,162
42,163,43
42,1684,1707
42,43,1684
42,162,163
43,44,1708
43,1708,1684
43,164,44
43,163,164
44,45,1685
44,165,45
44,1685,1708
44,164,165
45,165,166
45,46,1709
45,1709,1685
45,166,46
46,167,47
46,47,1686
46,1686,1709
46,166,167
47,167,168
47,48,1710
47,168,48
47,1710,1686
48,168,169
48,1687,1710
49,170,123
49,185,208
49,78,185
49,208,50
49,50,170
50,209,51
50,236,170
50,208,209
50,51,236
51,209,210
51,210,52
51,52,171
51,171,236
52,211,53
52,53,237
52,237,171
52,210,211
53,172,237
53,54,172
53,212,54
53,211,212
54,55,235
54,212,213
54,213,55
54,235,172
55,214,56
55,173,235
55,56,173
55,213,214
56,214,215
56,215,57
56,57,238
56,238,173
57,58,174
57,174,238
57,216,58
57,215,216
58,216,217
58,217,59
58,59,239
58,239,174
59,60,175
59,218,60
59,175,239
59,217,218
60,219,61
60,240,175
60,218,219
60,61,240
61,62,176
61,220,62
61,176,240
61,219,220
62,220,221
62,241,176
62,221,63
62,63,241
63,64,177
63,222,64
63,221,222
63,177,241
64,65,242
64,222,223
64,242,177
64,223,65
65,224,66
65,223,224
65,66,178
65,178,242
66,67,243
66,224,225
66,243,178
66,225,67
67,179,243
67,68,179
67,226,68
67,225,226
68,69,244
68,244,179
68,227,69
68,226,227
69,180,244
69,70,180
69,228,70
69,227,228
70,245,180
70,228,229
70,71,245
70,229,71
71,229,230
71,230,72
71,72,181
71,181,245
72,73,246
72,231,73
72,246,181
72,230,231
73,232,74
73,74,182
73,231,232
73,182,246
74,233,75
74,247,182
74,232,233
74,75,247
75,76,183
75,234,76
75,233,234
75,183,247
76,234,270
76,77,184
76,184,183
76,270,77
77,169,184
77,270,124
78,1864,79
78,1863,1864
78,79,185
79,1865,80
79,1864,1865
79,80,249
79,249,185
80,81,186
80,186,249
80,1865,1866
80,1866,81
81,1866,82
81,82,250
81,250,186
82,1867,83
82,1866,1867
82,187,250
82,83,187
83,1867,1868
83,248,187
83,1868,84
83,84,248
84,1869,85
84,188,248
84,1868,1869
84,85,188
85,1869,1870
85,1870,86
85,251,188
85,86,251
86,87,189
86,189,251
86,1870,87
87,1871,88
87,1870,1871
87,252,189
87,88,252
88,1872,89
88,1871,1872
88,190,252
88,89,190
89,90,253
89,1872,1873
89,1873,90
89,253,190
90,1873,1874
90,1874,91
90,191,253
90,91,191
91,254,191
91,1874,92
91,92,254
92,1875,93
92,192,254
92,1874,1875
92,93,192
93,94,255
93,1876,94
93,255,192
93,1875,1876
94,1876,1877
94,1877,95
94,193,255
94,95,193
95,96,256
95,1877,1878
95,1878,96
95,256,193
96,1878,97
96,194,256
96,97,194
97,1879,98
97,1878,1879
97,257,194
97,98,257
98,99,195
98,1880,99
98,195,257
98,1879,1880
99,258,195
99,1880,1881
99,1881,100
99,100,258
100,1882,101
100,1881,1882
100,196,258
100,101,196
101,1882,102
101,259,196
101,102,259
102,1883,103
102,1882,1883
102,197,259
102,103,197
103,1884,104
103,1883,1884
103,260,197
103,104,260
104,1884,1885
104,198,260
104,1885,105
104,105,198
105,1885,1886
105,1886,106
105,106,261
105,261,198
106,1886,107
106,199,261
106,107,199
107,1886,1887
107,1887,108
107,262,199
107,108,262
108,1888,109
108,1887,1888
108,200,262
108,109,200
109,1888,1889
109,1889,110
109,110,263
109,263,200
110,1889,1890
110,1890,111
110,201,263
110,111,201
111,1890,112
111,112,264
111,264,201
112,1890,1891
112,1891,113
112,202,264
112,113,202
113,1892,114
113,114,265
113,265,202
113,1891,1892
114,115,203
114,203,265
114,1892,1893
114,1893,115
115,1893,1894
115,1894,116
115,116,266
115,266,203
116,1894,117
116,204,266
116,117,204
117,1895,118
117,267,204
117,118,267
117,1894,1895
118,1896,119
118,119,205
118,1895,1896
118,205,267
119,1896,1897
119,1897,120
119,120,268
119,268,205
120,1898,121
120,206,268
120,1897,1898
120,121,206
121,122,269
121,1898,122
121,269,206
122,207,269
122,1899,123
122,1898,1899
122,123,207
123,1899,1900
123,170,207
124,270,357
124,357,125
125,272,126
125,357,272
126,272,273
126,273,127
127,273,274
127,274,128
128,275,129
128,274,275
129,276,130
129,275,276
130,277,131
130,276,277
131,277,278
131,278,132
132,278,279
132,279,133
133,279,280
133,280,134
134,280,281
134,281,135
135,281,282
135,282,136
136,283,137
136,282,283
137,284,138
137,283,284
138,285,139
138,284,285
139,285,286
139,286,140
140,286,287
140,287,141
141,287,288
141,288,142
142,288,289
142,289,143
143,289,290
143,290,144
144,290,291
144,291,145
145,292,146
145,291,292
146,293,147
146,292,293
147,294,148
147,293,294
148,295,149
148,294,295
149,296,150
149,295,296
150,296,297
150,297,151
151,297,298
151,298,152
152,298,299
152,299,153
153,300,154
153,299,300
154,301,155
154,300,301
155,302,156
155,301,302
156,303,157
156,302,303
157,303,304
157,304,158
158,305,159
158,304,305
159,305,306
159,306,160
160,306,307
160,307,161
161,308,162
161,307,308
162,308,309
162,309,163
163,310,164
163,309,310
164,311,165
164,310,311
165,311,312
165,312,166
166,312,313
166,313,167
167,313,314
167,314,168
168,314,184
168,184,169
170,319,207
170,236,319
171,316,236
171,237,338
171,338,316
172,363,322
172,322,237
172,235,363
173,324,318
173,238,324
173,318,235
174,271,317
174,239,271
174,317,238
175,360,239
175,240,321
175,321,360
176,323,362
176,362,240
176,241,323
177,325,361
177,361,241
177,242,325
178,243,326
178,326,359
178,359,242
179,392,243
179,244,327
179,327,392
180,328,391
180,245,328
180,391,244
181,329,393
181,393,245
181,246,329
182,247,330
182,394,246
182,330,394
183,314,395
183,395,247
183,184,314
185,249,315
185,315,208
186,336,249
186,331,336
186,250,331
187,248,333
187,344,250
187,333,344
188,251,334
188,337,248
188,334,337
189,396,251
189,252,389
189,389,396
190,335,252
190,340,335
190,253,340
191,339,253
191,341,339
191,254,341
192,255,343
192,343,320
192,320,254
193,256,398
193,398,332
193,332,255
194,345,256
194,399,345
194,257,399
195,397,346
195,346,257
195,258,397
196,259,400
196,347,258
196,400,347
197,260,401
197,348,259
197,401,348
198,402,349
198,349,260
198,261,402
199,350,261
199,262,403
199,403,350
200,263,404
200,404,351
200,351,262
201,264,405
201,352,263
201,405,352
202,353,264
202,406,353
202,265,406
203,266,355
203,355,390
203,390,265
204,267,356
204,356,342
204,342,266
205,268,408
205,354,267
205,408,354
206,358,268
206,407,358
206,269,407
207,319,269
208,315,209
209,315,364
209,364,210
210,365,211
210,364,365
211,365,366
211,366,212
212,367,213
212,366,367
213,367,368
213,368,214
214,368,369
214,369,215
215,369,370
215,370,216
216,370,371
216,371,217
217,371,372
217,372,218
218,372,373
218,373,219
219,374,220
219,373,374
220,375,221
220,374,375
221,376,222
221,375,376
222,377,223
222,376,377
223,378,224
223,377,378
224,378,379
224,379,225
225,380,226
225,379,380
226,381,227
226,380,381
227,382,228
227,381,382
228,383,229
228,382,383
229,383,384
229,384,230
230,384,385
230,385,231
231,385,386
231,386,232
232,387,233
232,386,387
233,387,388
233,388,234
234,357,270
234,388,357
235,318,363
236,316,319
237,322,338
238,317,324
239,360,271
240,362,321
241,361,323
242,359,325
243,392,326
244,391,327
245,393,328
246,394,329
247,395,330
248,337,333
249,336,315
250,344,331
251,396,334
252,335,389
253,339,340
254,320,341
255,332,343
256,345,398
257,346,399
258,347,397
259,348,400
260,349,401
261,350,402
262,351,403
263,352,404
264,353,405
265,390,406
266,342,355
267,354,356
268,358,408
269,319,407
271,470,317
271,360,454
271,454,470
272,357,530
272,530,540
272,540,273
273,410,274
273,540,410
274,411,275
274,410,411
275,412,276
275,411,412
276,412,413
276,413,277
277,414,278
277,413,414
278,414,415
278,415,279
279,416,280
279,415,416
280,417,281
280,416,417
281,418,282
281,417,418
282,418,419
282,419,283
283,419,420
283,420,284
284,420,421
284,421,285
285,421,422
285,422,286
286,423,287
286,422,423
287,423,424
287,424,288
288,425,289
288,424,425
289,425,426
289,426,290
290,427,291
290,426,427
291,427,428
291,428,292
292,428,429
292,429,293
293,429,430
293,430,294
294,431,295
294,430,431
295,431,432
295,432,296
296,432,433
296,433,297
297,434,298
297,433,434
298,434,435
298,435,299
299,435,436
299,436,300
300,437,301
300,436,437
301,437,438
301,438,302
302,438,439
302,439,303
303,440,304
303,439,440
304,441,305
304,440,441
305,442,306
305,441,442
306,443,307
306,442,443
307,443,444
307,444,308
308,445,309
308,444,445
309,445,446
309,446,310
310,446,447
310,447,311
311,447,448
311,448,312
312,448,449
312,449,313
313,450,314
313,449,450
314,450,395
315,517,364
315,336,517
316,409,467
316,338,409
316,467,319
317,452,324
317,470,452
318,324,459
318,487,363
318,459,487
319,467,407
320,519,341
320,343,455
320,455,519
321,536,360
321,488,536
321,362,488
322,521,338
322,363,468
322,468,521
323,486,362
323,361,456
323,456,486
324,452,459
325,484,361
325,359,464
325,464,484
326,392,483
326,514,359
326,483,514
327,458,392
327,466,458
327,391,466
328,526,457
328,393,526
328,457,391
329,461,393
329,525,461
329,394,525
330,462,394
330,395,472
330,472,462
331,528,542
331,542,336
331,344,528
332,533,343
332,469,533
332,398,469
333,527,534
333,337,527
333,534,344
334,529,337
334,396,480
334,480,529
335,532,524
335,524,389
335,340,532
336,542,517
337,529,527
338,521,409
339,531,340
339,341,471
339,471,531
340,531,532
341,519,471
342,515,355
342,541,515
342,356,541
343,533,455
344,534,528
345,522,453
345,399,522
345,453,398
346,397,513
346,513,460
346,460,399
347,400,535
347,474,397
347,535,474
348,401,476
348,476,475
348,475,400
349,523,463
349,463,401
349,402,523
350,403,538
350,538,477
350,477,402
351,404,537
351,478,403
351,537,478
352,405,520
352,479,404
352,520,479
353,406,516
353,451,405
353,516,451
354,539,356
354,408,482
354,482,539
355,515,518
355,518,390
356,539,541
357,388,530
358,512,465
358,465,408
358,407,512
359,514,464
360,536,454
361,484,456
362,486,488
363,487,468
364,517,485
364,485,365
365,485,489
365,489,366
366,490,367
366,489,490
367,490,491
367,491,368
368,491,492
368,492,369
369,492,493
369,493,370
370,494,371
370,493,494
371,494,495
371,495,372
372,496,373
372,495,496
373,496,497
373,497,374
374,498,375
374,497,498
375,499,376
375,498,499
376,499,500
376,500,377
377,500,501
377,501,378
378,501,502
378,502,379
379,502,503
379,503,380
380,503,504
380,504,381
381,504,505
381,505,382
382,506,383
382,505,506
383,506,507
383,507,384
384,508,385
384,507,508
385,509,386
385,508,509
386,509,510
386,510,387
387,510,511
387,511,388
388,511,530
389,473,396
389,524,473
390,518,481
390,481,406
391,457,466
392,458,483
393,461,526
394,462,525
395,450,472
396,473,480
397,474,513
398,453,469
399,460,522
400,475,535
401,463,476
402,477,523
403,478,538
404,479,537
405,451,520
406,481,516
407,467,512
408,465,482
409,521,583
409,583,595
409,595,467
410,540,603
410,603,605
410,605,411
411,605,544
411,544,412
412,545,413
412,544,545
413,546,414
413,545,546
414,547,415
414,546,547
415,548,416
415,547,548
416,548,549
416,549,417
417,550,418
417,549,550
418,551,419
418,550,551
419,552,420
419,551,552
420,553,421
420,552,553
421,554,422
421,553,554
422,554,555
422,555,423
423,556,424
423,555,556
424,556,557
424,557,425
425,558,426
425,557,558
426,558,559
426,559,427
427,560,428
427,559,560
428,561,429
428,560,561
429,562,430
429,561,562
430,563,431
430,562,563
431,563,564
431,564,432
432,565,433
432,564,565
433,565,566
433,566,434
434,566,567
434,567,435
435,567,568
435,568,436
436,569,437
436,568,569
437,570,438
437,569,570
438,571,439
438,570,571
439,572,440
439,571,572
440,572,573
440,573,441
441,574,442
441,573,574
442,575,443
442,574,575
443,576,444
443,575,576
444,577,445
444,576,577
445,578,446
445,577,578
446,579,447
446,578,579
447,579,580
447,580,448
448,580,581
448,581,449
449,582,450
449,581,582
450,582,472
451,516,665
451,665,666
451,666,520
452,606,586
452,586,459
452,470,606
453,597,469
453,522,662
453,662,597
454,598,470
454,536,592
454,592,598
455,533,652
455,661,519
455,652,661
456,635,486
456,484,633
456,633,635
457,526,593
457,640,466
457,593,640
458,466,590
458,590,608
458,608,483
459,610,487
459,586,610
460,639,522
460,645,639
460,513,645
461,634,526
461,525,596
461,596,634
462,655,589
462,589,525
462,472,655
463,523,601
463,667,476
463,601,667
464,514,584
464,584,609
464,609,484
465,636,482
465,512,647
465,647,636
466,640,590
467,595,512
468,599,638
468,638,521
468,487,599
469,597,644
469,644,533
470,598,606
471,519,594
471,594,651
471,651,531
472,582,655
473,524,602
473,602,637
473,637,480
474,643,513
474,585,643
474,535,585
475,657,535
475,476,668
475,668,657
476,667,668
477,600,591
477,538,600
477,591,523
478,607,587
478,537,607
478,587,538
479,520,649
479,604,537
479,649,604
480,637,650
480,650,529
481,664,516
481,518,648
481,648,664
482,636,660
482,660,539
483,608,641
483,641,514
484,609,633
485,543,611
485,611,489
485,517,543
486,635,642
486,642,488
487,610,599
488,588,536
488,642,588
489,612,490
489,611,612
490,613,491
490,612,613
491,614,492
491,613,614
492,615,493
492,614,615
493,616,494
493,615,616
494,617,495
494,616,617
495,618,496
495,617,618
496,619,497
496,618,619
497,619,620
497,620,498
498,621,499
498,620,621
499,622,500
499,621,622
500,622,623
500,623,501
501,624,502
501,623,624
502,625,503
502,624,625
503,625,626
503,626,504
504,626,627
504,627,505
505,628,506
505,627,628
506,629,507
506,628,629
507,630,508
507,629,630
508,631,509
508,630,631
509,632,510
509,631,632
510,603,511
510,632,603
511,540,530
511,603,540
512,595,647
513,643,645
514,641,584
515,663,518
515,646,663
515,541,646
516,664,665
517,542,543
518,663,648
519,661,594
520,666,649
521,638,583
522,639,662
523,591,601
524,532,658
524,658,602
525,589,596
526,634,593
527,529,654
527,656,534
527,654,656
528,534,653
528,659,542
528,653,659
529,650,654
531,714,532
531,651,714
532,714,658
533,644,652
534,656,653
535,657,585
536,588,592
537,604,607
538,587,600
539,660,711
539,711,541
541,711,646
542,659,543
543,659,611
544,605,774
544,774,771
544,771,545
545,771,671
545,671,546
546,672,547
546,671,672
547,672,673
547,673,548
548,674,549
548,673,674
549,674,675
549,675,550
550,676,551
550,675,676
551,676,677
551,677,552
552,677,678
552,678,553
553,678,679
553,679,554
554,680,555
554,679,680
555,680,681
555,681,556
556,682,557
556,681,682
557,683,558
557,682,683
558,684,559
558,683,684
559,685,560
559,684,685
560,685,686
560,686,561
561,686,687
561,687,562
562,687,688
562,688,563
563,689,564
563,688,689
564,690,565
564,689,690
565,690,691
565,691,566
566,691,692
566,692,567
567,692,693
567,693,568
568,694,569
568,693,694
569,694,695
569,695,570
570,695,696
570,696,571
571,697,572
571,696,697
572,697,698
572,698,573
573,698,699
573,699,574
574,700,575
574,699,700
575,701,576
575,700,701
576,701,702
576,702,577
577,703,578
577,702,703
578,703,704
578,704,579
579,704,705
579,705,580
580,706,581
580,705,706
581,655,582
581,706,655
583,638,712
583,647,595
583,712,647
584,716,728
584,728,609
584,641,716
585,657,725
585,760,643
585,725,760
586,709,729
586,606,709
586,729,610
587,707,717
587,607,707
587,717,600
588,719,592
588,718,719
588,642,718
589,655,706
589,706,754
589,754,596
590,640,721
590,721,727
590,727,608
591,600,715
591,720,601
591,715,720
592,719,767
592,767,598
593,634,724
593,724,726
593,726,640
594,722,766
594,661,722
594,766,651
596,755,634
596,754,755
597,761,644
597,662,670
597,670,761
598,669,606
598,767,669
599,610,710
599,710,757
599,757,638
600,717,715
601,720,764
601,764,667
602,752,637
602,776,752
602,658,776
603,730,605
603,632,730
604,649,782
604,782,759
604,759,607
605,730,774
606,669,709
607,759,707
608,727,758
608,758,641
609,753,633
609,728,753
610,729,710
611,723,731
611,659,723
611,731,612
612,732,613
612,731,732
613,732,733
613,733,614
614,733,734
614,734,615
615,735,616
615,734,735
616,735,736
616,736,617
617,737,618
617,736,737
618,737,738
618,738,619
619,739,620
619,738,739
620,739,740
620,740,621
621,740,741
621,741,622
622,742,623
622,741,742
623,743,624
623,742,743
624,743,744
624,744,625
625,744,745
625,745,626
626,745,746
626,746,627
627,747,628
627,746,747
628,747,748
628,748,629
629,749,630
629,748,749
630,749,750
630,750,631
631,750,751
631,751,632
632,751,730
633,756,635
633,753,756
634,755,724
635,756,708
635,708,642
636,775,660
636,647,712
636,712,775
637,752,765
637,765,650
638,757,712
639,645,763
639,770,662
639,763,770
640,726,721
641,758,716
642,708,718
643,760,821
643,821,645
644,761,768
644,768,652
645,821,763
646,711,762
646,762,773
646,773,663
648,778,777
648,777,664
648,663,778
649,666,862
649,862,782
650,765,769
650,769,654
651,766,827
651,827,714
652,768,713
652,713,661
653,723,659
653,656,772
653,772,723
654,769,783
654,783,656
656,783,772
657,668,781
657,781,725
658,714,880
658,880,776
660,824,711
660,775,824
661,713,722
662,770,670
663,773,778
664,779,665
664,777,779
665,780,666
665,779,780
666,780,862
667,764,831
667,831,668
668,831,781
669,767,842
669,842,866
669,866,709
670,868,761
670,837,868
670,770,837
671,871,672
671,771,832
671,832,871
672,786,673
672,871,786
673,787,674
673,786,787
674,787,788
674,788,675
675,788,789
675,789,676
676,790,677
676,789,790
677,790,791
677,791,678
678,792,679
678,791,792
679,792,793
679,793,680
680,794,681
680,793,794
681,794,795
681,795,682
682,796,683
682,795,796
683,797,684
683,796,797
684,798,685
684,797,798
685,799,686
685,798,799
686,800,687
686,799,800
687,801,688
687,800,801
688,802,689
688,801,802
689,802,803
689,803,690
690,803,804
690,804,691
691,805,692
691,804,805
692,805,806
692,806,693
693,806,807
693,807,694
694,808,695
694,807,808
695,809,696
695,808,809
696,809,810
696,810,697
697,811,698
697,810,811
698,811,812
698,812,699
699,813,700
699,812,813
700,813,814
700,814,701
701,815,702
701,814,815
702,815,816
702,816,703
703,816,817
703,817,704
704,818,705
704,817,818
705,819,706
705,818,819
706,819,754
707,867,717
707,835,867
707,759,835
708,756,881
708,881,828
708,828,718
709,866,872
709,872,729
710,823,864
710,864,757
710,729,823
711,824,762
712,757,775
713,768,874
713,874,825
713,825,722
714,827,880
715,833,720
715,785,833
715,717,785
716,758,836
716,840,728
716,836,840
717,867,785
718,829,719
718,828,829
719,830,767
719,829,830
720,876,764
720,833,876
721,726,834
721,839,727
721,834,839
722,825,878
722,878,766
723,784,731
723,772,784
724,822,838
724,755,822
724,838,726
725,781,890
725,890,869
725,869,760
726,838,834
727,865,758
727,839,865
728,861,753
728,840,861
729,872,823
730,883,774
730,751,883
731,784,732
732,784,843
732,843,733
733,843,844
733,844,734
734,845,735
734,844,845
735,845,846
735,846,736
736,847,737
736,846,847
737,847,848
737,848,738
738,848,849
738,849,739
739,849,850
739,850,740
740,851,741
740,850,851
741,852,742
741,851,852
742,853,743
742,852,853
743,854,744
743,853,854
744,854,855
744,855,745
745,855,856
745,856,746
746,857,747
746,856,857
747,857,858
747,858,748
748,859,749
748,858,859
749,860,750
749,859,860
750,887,751
750,860,887
751,887,883
752,877,765
752,776,870
752,870,877
753,863,756
753,861,863
754,819,820
754,820,755
755,820,822
756,863,881
757,864,775
758,865,836
759,879,835
759,782,879
760,928,821
760,869,928
761,868,934
761,934,768
762,882,773
762,873,882
762,824,873
763,821,875
763,826,770
763,875,826
764,876,982
764,982,831
765,877,886
765,886,769
766,925,827
766,878,925
767,830,842
768,934,874
769,889,783
769,886,889
770,826,837
771,774,935
771,935,832
772,931,784
772,783,931
773,945,778
773,882,945
774,883,935
775,884,824
775,864,884
776,891,870
776,880,891
777,778,885
777,841,779
777,885,841
778,945,885
779,888,780
779,841,888
780,888,965
780,965,862
781,831,971
781,971,890
782,975,879
782,862,975
783,889,931
784,931,930
784,930,843
785,939,833
785,947,939
785,867,947
786,937,972
786,972,787
786,871,937
787,972,892
787,892,788
788,893,789
788,892,893
789,894,790
789,893,894
790,895,791
790,894,895
791,896,792
791,895,896
792,897,793
792,896,897
793,897,898
793,898,794
794,899,795
794,898,899
795,900,796
795,899,900
796,901,797
796,900,901
797,902,798
797,901,902
798,902,903
798,903,799
799,903,904
799,904,800
800,904,905
800,905,801
801,906,802
801,905,906
802,907,803
802,906,907
803,907,908
803,908,804
804,909,805
804,908,909
805,909,910
805,910,806
806,911,807
806,910,911
807,912,808
807,911,912
808,912,913
808,913,809
809,914,810
809,913,914
810,914,915
810,915,811
811,916,812
811,915,916
812,916,917
812,917,813
813,917,918
813,918,814
814,919,815
814,918,919
815,920,816
815,919,920
816,921,817
816,920,921
817,921,922
817,922,818
818,922,923
818,923,819
819,923,820
820,923,929
820,929,822
821,928,875
822,985,838
822,929,985
823,969,990
823,990,864
823,872,969
824,884,873
825,980,878
825,874,976
825,976,980
826,989,927
826,875,989
826,927,837
827,933,880
827,925,933
828,932,924
828,881,932
828,924,829
829,924,936
829,936,830
830,936,943
830,943,842
831,982,971
832,935,946
832,946,986
832,986,871
833,939,978
833,978,876
834,838,977
834,977,941
834,941,839
835,940,867
835,879,981
835,981,940
836,865,938
836,944,840
836,938,944
837,974,868
837,927,974
838,985,977
839,941,967
839,967,865
840,944,964
840,964,861
841,885,993
841,993,984
841,984,888
842,968,866
842,943,968
843,970,844
843,930,970
844,970,948
844,948,845
845,949,846
845,948,949
846,949,950
846,950,847
847,950,951
847,951,848
848,951,952
848,952,849
849,953,850
849,952,953
850,953,954
850,954,851
851,954,955
851,955,852
852,955,956
852,956,853
853,956,957
853,957,854
854,957,958
854,958,855
855,959,856
855,958,959
856,960,857
856,959,960
857,961,858
857,960,961
858,961,962
858,962,859
859,962,963
859,963,860
860,946,887
860,963,946
861,966,863
861,964,966
862,965,975
863,926,881
863,966,926
864,990,884
865,967,938
866,942,872
866,968,942
867,940,947
868,974,1036
868,1036,934
869,973,988
869,988,928
869,890,973
870,891,992
870,992,979
870,979,877
871,986,937
872,942,969
873,983,882
873,884,983
874,1030,976
874,934,1030
875,1028,989
875,928,1028
876,978,1075
876,1075,982
877,987,886
877,979,987
878,1025,925
878,980,1025
879,1044,981
879,975,1044
880,933,891
881,926,932
882,983,1063
882,1063,945
883,887,935
884,990,983
885,1073,993
885,945,1073
886,991,889
886,987,991
887,946,935
888,1062,965
888,984,1062
889,991,1032
889,1032,931
890,971,994
890,994,973
891,933,1068
891,1068,992
892,1037,1067
892,972,1037
892,1067,893
893,995,894
893,1067,995
894,995,996
894,996,895
895,997,896
895,996,997
896,998,897
896,997,998
897,999,898
897,998,999
898,999,1000
898,1000,899
899,1000,1001
899,1001,900
900,1001,1002
900,1002,901
901,1003,902
901,1002,1003
902,1004,903
902,1003,1004
903,1004,1005
903,1005,904
904,1006,905
904,1005,1006
905,1007,906
905,1006,1007
906,1007,1008
906,1008,907
907,1008,1009
907,1009,908
908,1010,909
908,1009,1010
909,1010,1011
909,1011,910
910,1012,911
910,1011,1012
911,1013,912
911,1012,1013
912,1013,1014
912,1014,913
913,1014,1015
913,1015,914
914,1016,915
914,1015,1016
915,1016,1017
915,1017,916
916,1018,917
916,1017,1018
917,1019,918
917,1018,1019
918,1020,919
918,1019,1020
919,1021,920
919,1020,1021
920,1022,921
920,1021,1022
921,1022,1023
921,1023,922
922,1023,1024
922,1024,923
923,1024,929
924,1042,1033
924,1033,936
924,932,1042
925,1035,933
925,1025,1035
926,1027,1031
926,966,1027
926,1031,932
927,1083,974
927,1071,1083
927,989,1071
928,988,1028
929,1024,985
930,931,1032
930,1032,970
932,1031,1042
933,1035,1068
934,1036,1030
936,1066,943
936,1033,1066
937,1029,972
937,986,1041
937,1041,1029
938,967,1026
938,1026,1043
938,1043,944
939,1084,1072
939,947,1084
939,1072,978
940,1087,1080
940,981,1087
940,1080,947
941,1069,967
941,977,1085
941,1085,1069
942,1065,969
942,968,1039
942,1039,1065
943,1076,968
943,1066,1076
944,1061,964
944,1043,1061
945,1063,1073
946,963,1038
946,1038,986
947,1080,1084
948,1077,1046
948,970,1077
948,1046,949
949,1046,1047
949,1047,950
950,1047,1048
950,1048,951
951,1048,1049
951,1049,952
952,1050,953
952,1049,1050
953,1050,1051
953,1051,954
954,1052,955
954,1051,1052
955,1052,1053
955,1053,956
956,1054,957
956,1053,1054
957,1055,958
957,1054,1055
958,1055,1056
958,1056,959
959,1057,960
959,1056,1057
960,1057,1058
960,1058,961
961,1059,962
961,1058,1059
962,1060,963
962,1059,1060
963,1060,1038
964,1064,966
964,1061,1064
965,1062,1034
965,1034,975
966,1064,1027
967,1069,1026
968,1076,1039
969,1065,1040
969,1040,990
970,1122,1077
970,1032,1122
971,1089,994
971,982,1089
972,1029,1037
973,1079,988
973,1078,1079
973,994,1078
974,1125,1036
974,1083,1125
975,1034,1044
976,1070,980
976,1030,1086
976,1086,1070
977,1117,1085
977,985,1117
978,1155,1075
978,1072,1155
979,992,1074
979,1045,987
979,1074,1045
980,1120,1025
980,1070,1120
981,1044,1153
981,1153,1087
982,1075,1089
983,1040,1063
983,990,1040
984,1088,1081
984,993,1088
984,1081,1062
985,1024,1117
986,1038,1041
987,1045,1082
987,1082,991
988,1079,1167
988,1167,1028
989,1028,1119
989,1119,1071
991,1082,1122
991,1122,1032
992,1068,1160
992,1160,1074
993,1073,1169
993,1169,1088
994,1089,1129
994,1129,1078
995,1067,1124
995,1149,996
995,1124,1149
996,1090,997
996,1149,1090
997,1091,998
997,1090,1091
998,1091,1092
998,1092,999
999,1092,1093
999,1093,1000
1000,1093,1094
1000,1094,1001
1001,1095,1002
1001,1094,1095
1002,1096,1003
1002,1095,1096
1003,1097,1004
1003,1096,1097
1004,1098,1005
1004,1097,1098
1005,1098,1099
1005,1099,1006
1006,1099,1100
1006,1100,1007
1007,1101,1008
1007,1100,1101
1008,1102,1009
1008,1101,1102
1009,1102,1103
1009,1103,1010
1010,1104,1011
1010,1103,1104
1011,1105,1012
1011,1104,1105
1012,1105,1106
1012,1106,1013
1013,1106,1107
1013,1107,1014
1014,1107,1108
1014,1108,1015
1015,1108,1109
1015,1109,1016
1016,1110,1017
1016,1109,1110
1017,1110,1111
1017,1111,1018
1018,1111,1112
1018,1112,1019
1019,1113,1020
1019,1112,1113
1020,1113,1114
1020,1114,1021
1021,1115,1022
1021,1114,1115
1022,1115,1116
1022,1116,1023
1023,1116,1117
1023,1117,1024
1025,1120,1131
1025,1131,1035
1026,1069,1130
1026,1130,1132
1026,1132,1043
1027,1121,1031
1027,1158,1121
1027,1064,1158
1028,1167,1119
1029,1041,1162
1029,1127,1037
1029,1162,1127
1030,1152,1086
1030,1036,1152
1031,1148,1042
1031,1121,1148
1033,1123,1126
1033,1126,1066
1033,1042,1123
1034,1062,1118
1034,1168,1044
1034,1118,1168
1035,1176,1068
1035,1131,1176
1036,1125,1152
1037,1127,1150
1037,1150,1067
1038,1060,1041
1039,1076,1151
1039,1173,1065
1039,1151,1173
1040,1065,1170
1040,1170,1063
1041,1060,1171
1041,1171,1162
1042,1148,1123
1043,1128,1061
1043,1132,1128
1044,1168,1153
1045,1074,1180
1045,1180,1161
1045,1161,1082
1046,1077,1175
1046,1134,1047
1046,1175,1134
1047,1136,1048
1047,1134,1136
1048,1137,1049
1048,1136,1137
1049,1137,1138
1049,1138,1050
1050,1138,1139
1050,1139,1051
1051,1140,1052
1051,1139,1140
1052,1140,1141
1052,1141,1053
1053,1141,1142
1053,1142,1054
1054,1142,1143
1054,1143,1055
1055,1144,1056
1055,1143,1144
1056,1144,1145
1056,1145,1057
1057,1145,1146
1057,1146,1058
1058,1146,1147
1058,1147,1059
1059,1171,1060
1059,1147,1171
1061,1133,1064
1061,1128,1133
1062,1081,1118
1063,1210,1073
1063,1170,1210
1064,1133,1158
1065,1173,1170
1066,1126,1135
1066,1135,1076
1067,1150,1124
1068,1176,1160
1069,1085,1166
1069,1166,1130
1070,1154,1120
1070,1086,1179
1070,1179,1154
1071,1174,1083
1071,1163,1174
1071,1119,1163
1072,1178,1155
1072,1159,1178
1072,1084,1159
1073,1210,1169
1074,1160,1244
1074,1244,1180
1075,1155,1214
1075,1214,1089
1076,1135,1151
1077,1122,1175
1078,1129,1164
1078,1164,1165
1078,1165,1079
1079,1255,1167
1079,1165,1255
1080,1157,1172
1080,1087,1157
1080,1172,1084
1081,1156,1118
1081,1088,1177
1081,1177,1156
1082,1161,1175
1082,1175,1122
1083,1174,1233
1083,1233,1125
1084,1172,1159
1085,1116,1236
1085,1236,1166
1085,1117,1116
1086,1235,1179
1086,1152,1235
1087,1153,1182
1087,1182,1157
1088,1169,1260
1088,1260,1177
1089,1214,1129
1090,1238,1183
1090,1183,1091
1090,1149,1238
1091,1184,1092
1091,1183,1184
1092,1185,1093
1092,1184,1185
1093,1186,1094
1093,1185,1186
1094,1187,1095
1094,1186,1187
1095,1187,1188
1095,1188,1096
1096,1189,1097
1096,1188,1189
1097,1189,1190
1097,1190,1098
1098,1191,1099
1098,1190,1191
1099,1192,1100
1099,1191,1192
1100,1193,1101
1100,1192,1193
1101,1193,1194
1101,1194,1102
1102,1195,1103
1102,1194,1195
1103,1195,1196
1103,1196,1104
1104,1197,1105
1104,1196,1197
1105,1198,1106
1105,1197,1198
1106,1198,1199
1106,1199,1107
1107,1200,1108
1107,1199,1200
1108,1201,1109
1108,1200,1201
1109,1201,1202
1109,1202,1110
1110,1203,1111
1110,1202,1203
1111,1203,1204
1111,1204,1112
1112,1204,1205
1112,1205,1113
1113,1206,1114
1113,1205,1206
1114,1207,1115
1114,1206,1207
1115,1207,1236
1115,1236,1116
1118,1156,1245
1118,1245,1168
1119,1167,1213
1119,1213,1163
1120,1154,1215
1120,1215,1131
1121,1209,1231
1121,1158,1209
1121,1231,1148
1123,1148,1243
1123,1211,1126
1123,1243,1211
1124,1150,1218
1124,1259,1149
1124,1218,1259
1125,1233,1232
1125,1232,1152
1126,1211,1216
1126,1216,1135
1127,1181,1150
1127,1250,1181
1127,1162,1250
1128,1208,1217
1128,1217,1133
1128,1132,1208
1129,1212,1164
1129,1214,1212
1130,1242,1132
1130,1166,1254
1130,1254,1242
1131,1256,1176
1131,1215,1256
1132,1242,1208
1133,1241,1158
1133,1217,1241
1134,1175,1161
1134,1219,1136
1134,1161,1248
1134,1248,1219
1135,1216,1234
1135,1234,1151
1136,1220,1137
1136,1219,1220
1137,1221,1138
1137,1220,1221
1138,1221,1222
1138,1222,1139
1139,1222,1223
1139,1223,1140
1140,1223,1224
1140,1224,1141
1141,1224,1225
1141,1225,1142
1142,1225,1226
1142,1226,1143
1143,1227,1144
1143,1226,1227
1144,1228,1145
1144,1227,1228
1145,1229,1146
1145,1228,1229
1146,1230,1147
1146,1229,1230
1147,1230,1250
1147,1250,1171
1148,1231,1243
1149,1259,1238
1150,1181,1218
1151,1234,1247
1151,1247,1173
1152,1232,1235
1153,1302,1182
1153,1168,1302
1154,1253,1215
1154,1249,1253
1154,1179,1249
1155,1178,1252
1155,1252,1214
1156,1261,1262
1156,1177,1261
1156,1262,1245
1157,1182,1237
1157,1237,1258
1157,1258,1172
1158,1241,1209
1159,1172,1264
1159,1264,1239
1159,1239,1178
1160,1314,1244
1160,1176,1314
1161,1180,1248
1162,1171,1250
1163,1251,1257
1163,1213,1251
1163,1257,1174
1164,1246,1165
1164,1263,1246
1164,1212,1263
1165,1246,1322
1165,1322,1255
1166,1236,1254
1167,1255,1213
1168,1245,1302
1169,1210,1260
1170,1240,1210
1170,1173,1240
1172,1258,1264
1173,1247,1240
1174,1315,1233
1174,1257,1315
1176,1256,1314
1177,1319,1261
1177,1260,1319
1178,1331,1252
1178,1239,1331
1179,1291,1249
1179,1235,1291
1180,1318,1248
1180,1244,1318
1181,1296,1301
1181,1301,1218
1181,1250,1296
1182,1295,1237
1182,1302,1295
1183,1332,1184
1183,1320,1332
1183,1238,1320
1184,1265,1185
1184,1332,1265
1185,1265,1266
1185,1266,1186
1186,1266,1267
1186,1267,1187
1187,1268,1188
1187,1267,1268
1188,1268,1269
1188,1269,1189
1189,1269,1270
1189,1270,1190
1190,1270,1271
1190,1271,1191
1191,1271,1272
1191,1272,1192
1192,1272,1273
1192,1273,1193
1193,1274,1194
1193,1273,1274
1194,1274,1275
1194,1275,1195
1195,1276,1196
1195,1275,1276
1196,1277,1197
1196,1276,1277
1197,1277,1278
1197,1278,1198
1198,1279,1199
1198,1278,1279
1199,1279,1280
1199,1280,1200
1200,1280,1281
1200,1281,1201
1201,1282,1202
1201,1281,1282
1202,1282,1283
1202,1283,1203
1203,1283,1284
1203,1284,1204
1204,1284,1285
1204,1285,1205
1205,1285,1286
1205,1286,1206
1206,1287,1207
1206,1286,1287
1207,1254,1236
1207,1287,1254
1208,1299,1217
1208,1298,1299
1208,1242,1298
1209,1288,1313
1209,1241,1288
1209,1313,1231
1210,1240,1260
1211,1243,1300
1211,1297,1216
1211,1300,1297
1212,1252,1324
1212,1214,1252
1212,1324,1263
1213,1293,1251
1213,1255,1293
1215,1253,1335
1215,1335,1256
1216,1297,1316
1216,1316,1234
1217,1299,1303
1217,1303,1241
1218,1338,1259
1218,1301,1338
1219,1289,1220
1219,1248,1289
1220,1289,1304
1220,1304,1221
1221,1305,1222
1221,1304,1305
1222,1305,1306
1222,1306,1223
1223,1306,1307
1223,1307,1224
1224,1308,1225
1224,1307,1308
1225,1308,1309
1225,1309,1226
1226,1309,1310
1226,1310,1227
1227,1310,1311
1227,1311,1228
1228,1311,1312
1228,1312,1229
1229,1312,1230
1230,1312,1296
1230,1296,1250
1231,1290,1243
1231,1313,1290
1232,1317,1235
1232,1292,1317
1232,1233,1292
1233,1315,1292
1234,1325,1247
1234,1316,1325
1235,1317,1291
1237,1295,1342
1237,1337,1258
1237,1342,1337
1238,1259,1363
1238,1363,1320
1239,1330,1331
1239,1264,1294
1239,1294,1330
1240,1327,1260
1240,1247,1327
1241,1303,1288
1242,1287,1323
1242,1254,1287
1242,1323,1298
1243,1290,1300
1244,1314,1389
1244,1389,1318
1245,1336,1302
1245,1262,1336
1246,1263,1326
1246,1326,1340
1246,1340,1322
1247,1325,1327
1248,1318,1289
1249,1328,1333
1249,1291,1328
1249,1333,1253
1251,1334,1257
1251,1329,1334
1251,1293,1329
1252,1331,1324
1253,1408,1335
1253,1333,1408
1255,1322,1293
1256,1384,1314
1256,1335,1384
1257,1385,1315
1257,1334,1385
1258,1339,1264
1258,1337,1339
1259,1338,1363
1260,1327,1319
1261,1321,1262
1261,1319,1341
1261,1341,1321
1262,1321,1406
1262,1406,1336
1263,1324,1366
1263,1366,1326
1264,1339,1294
1265,1332,1386
1265,1386,1400
1265,1400,1266
1266,1343,1267
1266,1400,1343
1267,1343,1344
1267,1344,1268
1268,1344,1345
1268,1345,1269
1269,1345,1346
1269,1346,1270
1270,1347,1271
1270,1346,1347
1271,1348,1272
1271,1347,1348
1272,1349,1273
1272,1348,1349
1273,1350,1274
1273,1349,1350
1274,1350,1351
1274,1351,1275
1275,1351,1352
1275,1352,1276
1276,1353,1277
1276,1352,1353
1277,1353,1354
1277,1354,1278
1278,1354,1355
1278,1355,1279
1279,1356,1280
1279,1355,1356
1280,1356,1357
1280,1357,1281
1281,1358,1282
1281,1357,1358
1282,1359,1283
1282,1358,1359
1283,1360,1284
1283,1359,1360
1284,1360,1361
1284,1361,1285
1285,1362,1286
1285,1361,1362
1286,1323,1287
1286,1362,1323
1288,1364,1383
1288,1383,1313
1288,1303,1364
1289,1374,1304
1289,1365,1374
1289,1318,1365
1290,1313,1373
1290,1407,1300
1290,1373,1407
1291,1368,1328
1291,1317,1368
1292,1369,1388
1292,1315,1369
1292,1388,1317
1293,1322,1370
1293,1370,1329
1294,1339,1397
1294,1367,1330
1294,1397,1367
1295,1336,1395
1295,1302,1336
1295,1395,1342
1296,1312,1372
1296,1372,1301
1297,1300,1371
1297,1387,1316
1297,1371,1387
1298,1416,1375
1298,1375,1299
1298,1323,1416
1299,1390,1303
1299,1375,1390
1300,1407,1371
1301,1372,1409
1301,1409,1338
1303,1390,1364
1304,1376,1305
1304,1374,1376
1305,1376,1377
1305,1377,1306
1306,1377,1378
1306,1378,1307
1307,1379,1308
1307,1378,1379
1308,1380,1309
1308,1379,1380
1309,1381,1310
1309,1380,1381
1310,1382,1311
1310,1381,1382
1311,1382,1372
1311,1372,1312
1313,1383,1373
1314,1384,1389
1315,1385,1369
1316,1387,1394
1316,1394,1325
1317,1388,1368
1318,1389,1365
1319,1327,1391
1319,1391,1341
1320,1412,1332
1320,1363,1393
1320,1393,1412
1321,1413,1406
1321,1341,1404
1321,1404,1413
1322,1340,1370
1323,1362,1416
1324,1402,1366
1324,1331,1402
1325,1391,1327
1325,1394,1391
1326,1366,1396
1326,1411,1340
1326,1396,1411
1328,1403,1333
1328,1368,1398
1328,1398,1403
1329,1370,1399
1329,1399,1405
1329,1405,1334
1330,1392,1402
1330,1367,1392
1330,1402,1331
1332,1412,1386
1333,1403,1476
1333,1476,1408
1334,1405,1459
1334,1459,1385
1335,1458,1384
1335,1408,1458
1336,1406,1395
1337,1342,1401
1337,1401,1410
1337,1410,1339
1338,1435,1363
1338,1409,1435
1339,1410,1397
1340,1411,1438
1340,1438,1370
1341,1394,1404
1341,1391,1394
1342,1395,1436
1342,1436,1401
1343,1400,1449
1343,1449,1415
1343,1415,1344
1344,1417,1345
1344,1415,1417
1345,1418,1346
1345,1417,1418
1346,1418,1419
1346,1419,1347
1347,1420,1348
1347,1419,1420
1348,1420,1421
1348,1421,1349
1349,1421,1422
1349,1422,1350
1350,1422,1423
1350,1423,1351
1351,1424,1352
1351,1423,1424
1352,1424,1425
1352,1425,1353
1353,1426,1354
1353,1425,1426
1354,1427,1355
1354,1426,1427
1355,1427,1428
1355,1428,1356
1356,1429,1357
1356,1428,1429
1357,1430,1358
1357,1429,1430
1358,1430,1431
1358,1431,1359
1359,1431,1432
1359,1432,1360
1360,1432,1433
1360,1433,1361
1361,1433,1434
1361,1434,1362
1362,1434,1416
1363,1435,1393
1364,1390,1414
1364,1457,1383
1364,1414,1457
1365,1389,1460
1365,1460,1443
1365,1443,1374
1366,1437,1396
1366,1402,1437
1367,1446,1392
1367,1474,1446
1367,1397,1474
1368,1439,1398
1368,1388,1439
1369,1385,1444
1369,1444,1461
1369,1461,1388
1370,1438,1399
1371,1456,1387
1371,1407,1447
1371,1447,1456
1372,1382,1409
1373,1442,1448
1373,1448,1407
1373,1383,1442
1374,1445,1376
1374,1443,1445
1375,1416,1470
1375,1470,1479
1375,1479,1390
1376,1450,1377
1376,1445,1450
1377,1451,1378
1377,1450,1451
1378,1452,1379
1378,1451,1452
1379,1453,1380
1379,1452,1453
1380,1454,1381
1380,1453,1454
1381,1455,1382
1381,1454,1455
1382,1463,1409
1382,1455,1463
1383,1457,1442
1384,1458,1460
1384,1460,1389
1385,1459,1444
1386,1440,1400
1386,1462,1440
1386,1412,1462
1387,1404,1394
1387,1456,1404
1388,1461,1439
1390,1479,1414
1392,1446,1475
1392,1437,1402
1392,1475,1437
1393,1441,1412
1393,1466,1441
1393,1435,1466
1395,1473,1436
1395,1406,1473
1396,1467,1411
1396,1437,1469
1396,1469,1467
1397,1410,1515
1397,1515,1474
1398,1468,1464
1398,1464,1403
1398,1439,1468
1399,1438,1471
1399,1472,1405
1399,1471,1472
1400,1440,1449
1401,1477,1478
1401,1436,1477
1401,1478,1410
1403,1464,1524
1403,1524,1476
1404,1465,1413
1404,1456,1465
1405,1513,1459
1405,1472,1513
1406,1413,1473
1407,1448,1447
1408,1476,1512
1408,1512,1458
1409,1463,1435
1410,1478,1515
1411,1467,1498
1411,1498,1438
1412,1441,1462
1413,1465,1521
1413,1521,1473
1414,1517,1457
1414,1514,1517
1414,1479,1514
1415,1480,1417
1415,1530,1480
1415,1449,1530
1416,1434,1470
1417,1480,1481
1417,1481,1418
1418,1481,1482
1418,1482,1419
1419,1483,1420
1419,1482,1483
1420,1484,1421
1420,1483,1484
1421,1484,1485
1421,1485,1422
1422,1486,1423
1422,1485,1486
1423,1487,1424
1423,1486,1487
1424,1488,1425
1424,1487,1488
1425,1488,1489
1425,1489,1426
1426,1490,1427
1426,1489,1490
1427,1490,1491
1427,1491,1428
1428,1492,1429
1428,1491,1492
1429,1492,1493
1429,1493,1430
1430,1494,1431
1430,1493,1494
1431,1495,1432
1431,1494,1495
1432,1496,1433
1432,1495,1496
1433,1518,1434
1433,1496,1518
1434,1518,1470
1435,1463,1466
1436,1503,1477
1436,1473,1503
1437,1475,1469
1438,1498,1471
1439,1522,1468
1439,1461,1522
1440,1527,1449
1440,1462,1532
1440,1532,1527
1441,1528,1531
1441,1531,1462
1441,1466,1528
1442,1457,1497
1442,1497,1502
1442,1502,1448
1443,1460,1501
1443,1501,1445
1444,1505,1461
1444,1459,1500
1444,1500,1505
1445,1501,1504
1445,1504,1450
1446,1525,1475
1446,1474,1535
1446,1535,1525
1447,1499,1511
1447,1511,1456
1447,1448,1499
1448,1502,1499
1449,1527,1530
1450,1504,1506
1450,1506,1451
1451,1506,1507
1451,1507,1452
1452,1508,1453
1452,1507,1508
1453,1508,1509
1453,1509,1454
1454,1509,1510
1454,1510,1455
1455,1510,1463
1456,1511,1465
1457,1517,1497
1458,1501,1460
1458,1512,1501
1459,1513,1500
1461,1505,1522
1462,1531,1532
1463,1510,1466
1464,1534,1524
1464,1533,1534
1464,1468,1533
1465,1553,1521
1465,1511,1553
1466,1510,1528
1467,1469,1523
1467,1523,1529
1467,1529,1498
1468,1522,1557
1468,1557,1533
1469,1475,1566
1469,1566,1523
1470,1518,1479
1471,1520,1472
1471,1498,1519
1471,1519,1520
1472,1520,1552
1472,1552,1513
1473,1521,1503
1474,1515,1569
1474,1569,1535
1475,1525,1566
1476,1524,1570
1476,1570,1512
1477,1526,1478
1477,1516,1526
1477,1503,1516
1478,1526,1564
1478,1564,1515
1479,1518,1514
1480,1576,1481
1480,1530,1583
1480,1583,1576
1481,1576,1537
1481,1537,1482
1482,1537,1538
1482,1538,1483
1483,1539,1484
1483,1538,1539
1484,1540,1485
1484,1539,1540
1485,1541,1486
1485,1540,1541
1486,1542,1487
1486,1541,1542
1487,1543,1488
1487,1542,1543
1488,1544,1489
1488,1543,1544
1489,1544,1545
1489,1545,1490
1490,1546,1491
1490,1545,1546
1491,1547,1492
1491,1546,1547
1492,1547,1548
1492,1548,1493
1493,1548,1549
1493,1549,1494
1494,1550,1495
1494,1549,1550
1495,1551,1496
1495,1550,1551
1496,1551,1514
1496,1514,1518
1497,1536,1555
1497,1517,1536
1497,1555,1502
1498,1529,1519
1499,1579,1511
1499,1502,1556
1499,1556,1579
1500,1554,1558
1500,1513,1554
1500,1558,1505
1501,1512,1504
1502,1555,1556
1503,1565,1516
1503,1521,1565
1504,1512,1570
1504,1559,1506
1504,1570,1559
1505,1572,1522
1505,1558,1572
1506,1559,1560
1506,1560,1507
1507,1561,1508
1507,1560,1561
1508,1561,1562
1508,1562,1509
1509,1563,1510
1509,1562,1563
1510,1563,1528
1511,1579,1553
1513,1552,1554
1514,1575,1517
1514,1551,1575
1515,1564,1569
1516,1565,1568
1516,1568,1577
1516,1577,1526
1517,1575,1536
1519,1571,1520
1519,1529,1580
1519,1580,1571
1520,1571,1601
1520,1601,1552
1521,1553,1565
1522,1572,1557
1523,1587,1573
1523,1573,1529
1523,1566,1587
1524,1586,1570
1524,1534,1586
1525,1574,1582
1525,1535,1574
1525,1582,1566
1526,1612,1564
1526,1577,1612
1527,1567,1530
1527,1585,1567
1527,1532,1585
1528,1563,1581
1528,1581,1531
1529,1573,1580
1530,1567,1583
1531,1581,1617
1531,1617,1532
1532,1617,1585
1533,1578,1584
1533,1557,1578
1533,1584,1534
1534,1584,1632
1534,1632,1586
1535,1569,1615
1535,1615,1574
1536,1604,1555
1536,1624,1604
1536,1575,1624
1537,1614,1538
1537,1602,1614
1537,1576,1602
1538,1614,1588
1538,1588,1539
1539,1588,1589
1539,1589,1540
1540,1590,1541
1540,1589,1590
1541,1590,1591
1541,1591,1542
1542,1591,1592
1542,1592,1543
1543,1593,1544
1543,1592,1593
1544,1593,1594
1544,1594,1545
1545,1594,1595
1545,1595,1546
1546,1595,1596
1546,1596,1547
1547,1597,1548
1547,1596,1597
1548,1598,1549
1548,1597,1598
1549,1599,1550
1549,1598,1599
1550,1600,1551
1550,1599,1600
1551,1600,1575
1552,1603,1554
1552,1601,1603
1553,1613,1565
1553,1579,1613
1554,1608,1558
1554,1603,1608
1555,1605,1556
1555,1604,1605
1556,1613,1579
1556,1605,1613
1557,1572,1606
1557,1606,1578
1558,1608,1628
1558,1628,1572
1559,1607,1560
1559,1570,1586
1559,1586,1607
1560,1607,1609
1560,1609,1561
1561,1609,1610
1561,1610,1562
1562,1610,1611
1562,1611,1563
1563,1611,1581
1564,1612,1616
1564,1616,1569
1565,1613,1568
1566,1582,1587
1567,1629,1583
1567,1619,1629
1567,1585,1619
1568,1605,1626
1568,1613,1605
1568,1626,1577
1569,1616,1615
1571,1623,1601
1571,1580,1627
1571,1627,1623
1572,1628,1606
1573,1622,1580
1573,1587,1631
1573,1631,1622
1574,1615,1630
1574,1618,1582
1574,1630,1618
1575,1600,1624
1576,1583,1621
1576,1621,1602
1577,1626,1645
1577,1645,1612
1578,1606,1620
1578,1620,1625
1578,1625,1584
1580,1622,1627
1581,1611,1654
1581,1654,1617
1582,1644,1587
1582,1618,1644
1583,1629,1621
1584,1646,1632
1584,1625,1646
1585,1617,1649
1585,1649,1619
1586,1632,1607
1587,1644,1631
1588,1652,1589
1588,1662,1652
1588,1614,1662
1589,1633,1590
1589,1652,1633
1590,1633,1634
1590,1634,1591
1591,1634,1635
1591,1635,1592
1592,1636,1593
1592,1635,1636
1593,1636,1637
1593,1637,1594
1594,1638,1595
1594,1637,1638
1595,1638,1639
1595,1639,1596
1596,1639,1640
1596,1640,1597
1597,1640,1641
1597,1641,1598
1598,1642,1599
1598,1641,1642
1599,1642,1624
1599,1624,1600
1601,1623,1643
1601,1643,1603
1602,1661,1614
1602,1621,1651
1602,1651,1661
1603,1647,1608
1603,1643,1647
1604,1626,1605
1604,1624,1642
1604,1642,1626
1606,1628,1648
1606,1648,1620
1607,1632,1609
1608,1647,1658
1608,1658,1628
1609,1656,1610
1609,1632,1656
1610,1656,1657
1610,1657,1611
1611,1657,1654
1612,1660,1616
1612,1645,1660
1614,1661,1662
1615,1616,1659
1615,1659,1630
1616,1660,1659
1617,1654,1649
1618,1630,1638
1618,1638,1637
1618,1637,1644
1619,1653,1629
1619,1649,1655
1619,1655,1653
1620,1653,1625
1620,1650,1653
1620,1648,1650
1621,1629,1650
1621,1650,1651
1622,1634,1627
1622,1635,1634
1622,1631,1635
1623,1652,1643
1623,1633,1652
1623,1627,1633
1625,1655,1646
1625,1653,1655
1626,1642,1645
1627,1634,1633
1628,1658,1648
1629,1653,1650
1630,1659,1639
1630,1639,1638
1631,1644,1636
1631,1636,1635
1632,1646,1656
1636,1644,1637
1639,1659,1640
1640,1660,1641
1640,1659,1660
1641,1660,1645
1641,1645,1642
1643,1652,1662
1643,1662,1647
1646,1655,1663
1646,1663,1656
1647,1662,1661
1647,1661,1658
1648,1651,1650
1648,1658,1651
1649,1663,1655
1649,1654,1663
1651,1658,1661
1654,1657,1663
1656,1663,1657
1664,1711,1735
1664,1735,1687
1664,1688,1711
1665,1689,1734
1665,1734,1688
1666,1733,1689
1666,1690,1712
1666,1712,1733
1667,1713,1736
1667,1691,1713
1667,1736,1690
1668,1692,1714
1668,1737,1691
1668,1714,1737
1669,1738,1692
1669,1693,1715
1669,1715,1738
1670,1694,1716
1670,1716,1739
1670,1739,1693
1671,1717,1740
1671,1695,1717
1671,1740,1694
1672,1718,1741
1672,1696,1718
1672,1741,1695
1673,1742,1696
1673,1719,1742
1673,1697,1719
1674,1743,1697
1674,1720,1743
1674,1698,1720
1675,1744,1698
1675,1699,1721
1675,1721,1744
1676,1745,1699
1676,1722,1745
1676,1700,1722
1677,1701,1723
1677,1723,1746
1677,1746,1700
1678,1702,1724
1678,1724,1747
1678,1747,1701
1679,1725,1748
1679,1703,1725
1679,1748,1702
1680,1749,1703
1680,1726,1749
1680,1704,1726
1681,1705,1727
1681,1727,1750
1681,1750,1704
1682,1751,1705
1682,1706,1728
1682,1728,1751
1683,1707,1729
1683,1752,1706
1683,1729,1752
1684,1730,1753
1684,1753,1707
1684,1708,1730
1685,1731,1754
1685,1709,1731
1685,1754,1708
1686,1755,1709
1686,1710,1732
1686,1732,1755
1687,1735,1756
1687,1756,1710
1688,1734,1711
1689,1733,1734
1690,1736,1712
1691,1737,1713
1692,1738,1714
1693,1739,1715
1694,1740,1716
1695,1741,1717
1696,1742,1718
1697,1743,1719
1698,1744,1720
1699,1745,1721
1700,1746,1722
1701,1747,1723
1702,1748,1724
1703,1749,1725
1704,1750,1726
1705,1751,1727
1706,1752,1728
1707,1753,1729
1708,1754,1730
1709,1755,1731
1710,1756,1732
1711,1734,1775
1711,1776,1735
1711,1775,1776
1712,1779,1777
1712,1736,1779
1712,1777,1733
1713,1737,1780
1713,1757,1736
1713,1780,1757
1714,1738,1781
1714,1759,1737
1714,1781,1759
1715,1782,1760
1715,1760,1738
1715,1739,1782
1716,1761,1739
1716,1740,1783
1716,1783,1761
1717,1741,1784
1717,1784,1762
1717,1762,1740
1718,1763,1741
1718,1785,1763
1718,1742,1785
1719,1764,1742
1719,1743,1786
1719,1786,1764
1720,1744,1787
1720,1787,1765
1720,1765,1743
1721,1787,1744
1721,1745,1788
1721,1788,1787
1722,1789,1766
1722,1766,1745
1722,1746,1789
1723,1747,1790
1723,1767,1746
1723,1790,1767
1724,1791,1790
1724,1790,1747
1724,1748,1791
1725,1792,1768
1725,1768,1748
1725,1749,1792
1726,1769,1749
1726,1793,1769
1726,1750,1793
1727,1794,1793
1727,1751,1794
1727,1793,1750
1728,1752,1795
1728,1770,1751
1728,1795,1770
1729,1753,1796
1729,1796,1771
1729,1771,1752
1730,1772,1753
1730,1797,1772
1730,1754,1797
1731,1773,1754
1731,1774,1773
1731,1755,1774
1732,1758,1774
1732,1756,1758
1732,1774,1755
1733,1777,1798
1733,1798,1734
1734,1798,1775
1735,1778,1756
1735,1776,1778
1736,1757,1779
1737,1759,1780
1738,1760,1781
1739,1761,1782
1740,1762,1783
1741,1763,1784
1742,1764,1785
1743,1765,1786
1745,1766,1788
1746,1767,1789
1748,1768,1791
1749,1769,1792
1751,1770,1794
1752,1771,1795
1753,1772,1796
1754,1773,1797
1756,1778,1758
1757,1780,1803
1757,1803,1799
1757,1799,1779
1758,1778,1815
1758,1815,1774
1759,1821,1780
1759,1817,1821
1759,1781,1817
1760,1804,1781
1760,1782,1804
1761,1816,1802
1761,1802,1782
1761,1783,1816
1762,1784,1805
1762,1805,1816
1762,1816,1783
1763,1819,1784
1763,1785,1819
1764,1818,1806
1764,1786,1818
1764,1806,1785
1765,1818,1786
1765,1787,1807
1765,1807,1818
1766,1789,1808
1766,1808,1788
1767,1790,1809
1767,1809,1808
1767,1808,1789
1768,1810,1791
1768,1792,1810
1769,1793,1811
1769,1810,1792
1769,1811,1810
1770,1812,1794
1770,1795,1812
1771,1812,1795
1771,1813,1812
1771,1796,1813
1772,1814,1796
1772,1797,1814
1773,1801,1797
1773,1774,1801
1774,1815,1801
1775,1800,1776
1775,1798,1800
1776,1820,1778
1776,1800,1820
1777,1779,1799
1777,1799,1798
1778,1820,1815
1780,1821,1803
1781,1804,1817
1782,1802,1804
1784,1819,1805
1785,1806,1819
1787,1788,1807
1788,1839,1807
1788,1808,1839
1790,1791,1809
1791,1810,1831
1791,1831,1809
1793,1794,1811
1794,1812,1833
1794,1833,1811
1796,1814,1813
1797,1801,1814
1798,1799,1800
1799,1823,1800
1799,1803,1823
1800,1835,1820
1800,1823,1835
1801,1815,1836
1801,1836,1837
1801,1837,1814
1802,1816,1824
1802,1824,1827
1802,1827,1804
1803,1821,1841
1803,1841,1823
1804,1827,1817
1805,1829,1822
1805,1819,1829
1805,1822,1816
1806,1826,1829
1806,1818,1826
1806,1829,1819
1807,1839,1825
1807,1825,1818
1808,1830,1839
1808,1809,1830
1809,1831,1830
1810,1811,1832
1810,1832,1831
1811,1833,1832
1812,1834,1833
1812,1813,1834
1813,1840,1834
1813,1814,1840
1814,1837,1840
1815,1838,1836
1815,1820,1838
1816,1822,1824
1817,1827,1828
1817,1828,1821
1818,1825,1826
1820,1835,1838
1821,1828,1841
1822,1829,1844
1822,1844,1843
1822,1843,1824
1823,1846,1835
1823,1841,1846
1824,1853,1827
1824,1843,1853
1825,1842,1826
1825,1839,1842
1826,1842,1844
1826,1844,1829
1827,1853,1852
1827,1852,1828
1828,1852,1841
1830,1831,1850
1830,1850,1839
1831,1832,1847
1831,1847,1850
1832,1833,1848
1832,1848,1847
1833,1834,1848
1834,1845,1848
1834,1840,1845
1835,1851,1838
1835,1846,1851
1836,1849,1837
1836,1838,1849
1837,1845,1840
1837,1849,1845
1838,1851,1849
1839,1850,1842
1841,1852,1846
1842,1860,1854
1842,1850,1860
1842,1854,1844
1843,1854,1855
1843,1855,1853
1843,1844,1854
1845,1856,1848
1845,1859,1856
1845,1849,1859
1846,1852,1858
1846,1858,1851
1847,1857,1850
1847,1856,1857
1847,1848,1856
1849,1851,1859
1850,1857,1860
1851,1861,1859
1851,1858,1861
1852,1853,1858
1853,1855,1858
1854,1860,1855
1855,1860,1861
1855,1861,1858
1856,1862,1857
1856,1859,1862
1857,1862,1860
1859,1861,1862
1860,1862,1861
1863,1936,1864
1863,1938,1936
1863,1900,1938
1864,1901,1865
1864,1936,1901
1865,1902,1866
1865,1901,1902
1866,1907,1867
1866,1902,1907
1867,1903,1868
1867,1907,1903
1868,1903,1904
1868,1904,1869
1869,1905,1870
1869,1904,1905
1870,1932,1871
1870,1905,1932
1871,1906,1872
1871,1932,1906
1872,1906,1908
1872,1908,1873
1873,1909,1874
1873,1908,1909
1874,1909,1935
1874,1935,1875
1875,1910,1876
1875,1935,1910
1876,1912,1877
1876,1910,1912
1877,1912,1913
1877,1913,1878
1878,1913,1911
1878,1911,1879
1879,1914,1880
1879,1911,1914
1880,1914,1916
1880,1916,1881
1881,1917,1882
1881,1916,1917
1882,1915,1883
1882,1917,1915
1883,1915,1918
1883,1918,1884
1884,1918,1920
1884,1920,1885
1885,1921,1886
1885,1920,1921
1886,1919,1887
1886,1921,1919
1887,1922,1888
1887,1919,1922
1888,1924,1889
1888,1922,1924
1889,1925,1890
1889,1924,1925
1890,1923,1891
1890,1925,1923
1891,1923,1926
1891,1926,1892
1892,1926,1928
1892,1928,1893
1893,1929,1894
1893,1928,1929
1894,1927,1895
1894,1929,1927
1895,1930,1896
1895,1927,1930
1896,1930,1933
1896,1933,1897
1897,1933,1934
1897,1934,1898
1898,1931,1899
1898,1934,1931
1899,1931,1937
1899,1937,1900
1900,1937,1938
1901,1953,1902
1901,1936,1940
1901,1940,1953
1902,1959,1907
1902,1953,1959
1903,1907,1950
1903,1950,1904
1904,1941,1905
1904,1950,1941
1905,1941,1965
1905,1965,1932
1906,1932,1957
1906,1957,1939
1906,1939,1908
1907,1959,1950
1908,1939,1944
1908,1944,1909
1909,1944,1956
1909,1956,1935
1910,1945,1912
1910,1956,1945
1910,1935,1956
1911,1913,1943
1911,1943,1914
1912,1945,1958
1912,1958,1913
1913,1958,1943
1914,1946,1916
1914,1943,1946
1915,1917,1947
1915,1947,1918
1916,1946,1960
1916,1960,1917
1917,1960,1947
1918,1948,1920
1918,1947,1948
1919,1949,1922
1919,1921,1949
1920,1961,1921
1920,1948,1961
1921,1961,1949
1922,1949,1951
1922,1951,1924
1923,1952,1926
1923,1925,1952
1924,1962,1925
1924,1951,1962
1925,1962,1952
1926,1952,1954
1926,1954,1928
1927,1955,1930
1927,1929,1955
1928,1964,1929
1928,1954,1964
1929,1964,1955
1930,1942,1933
1930,1955,1942
1931,1934,1963
1931,1963,1937
1932,1965,1957
1933,1942,1966
1933,1966,1934
1934,1966,1963
1936,1967,1940
1936,1938,1967
1937,1975,1938
1937,1963,1975
1938,1975,1967
1939,1957,1970
1939,1970,1944
1940,1967,1972
1940,1972,1953
1941,1950,1982
1941,1982,1987
1941,1987,1965
1942,1979,1966
1942,1955,1978
1942,1978,1979
1943,1984,1969
1943,1958,1984
1943,1969,1946
1944,1970,1971
1944,1971,1956
1945,1974,1958
1945,1956,1974
1946,1981,1960
1946,1969,1981
1947,1960,1968
1947,1968,1948
1948,1968,1983
1948,1983,1961
1949,1961,1976
1949,1976,1951
1950,1959,1982
1951,1976,1985
1951,1985,1962
1952,1973,1954
1952,1962,1973
1953,1972,1980
1953,1980,1959
1954,1973,1986
1954,1986,1964
1955,1964,1978
1956,1971,1974
1957,1965,1988
1957,1988,1970
1958,1974,1984
1959,1980,1982
1960,1981,1968
1961,1983,1976
1962,1985,1973
1963,1977,1975
1963,1966,1977
1964,1986,1978
1965,1987,1988
1966,1979,1977
1967,1975,1989
1967,1989,1972
1968,1999,1983
1968,1981,1999
1969,1998,1981
1969,1984,1996
1969,1996,1998
1970,1997,1990
1970,1990,1971
1970,1988,1997
1971,1990,1992
1971,1992,1974
1972,1995,1980
1972,1989,1995
1973,2000,1986
1973,1994,2000
1973,1985,1994
1974,1992,1984
1975,1977,1989
1976,2002,1985
1976,2001,2002
1976,1983,2001
1977,1993,1989
1977,1979,1993
1978,1986,1991
1978,1991,1979
1979,1991,1993
1980,2003,1982
1980,1995,2003
1981,1998,1999
1982,2003,1987
1983,1999,2001
1984,1992,1996
1985,2002,1994
1986,2000,1991
1987,2003,1997
1987,1997,1988
1989,2006,1995
1989,1993,2006
1990,2007,1992
1990,1997,2016
1990,2016,2007
1991,2000,2005
1991,2005,1993
1992,2010,1996
1992,2007,2010
1993,2005,2006
1994,2002,2011
1994,2011,2000
1995,2009,2003
1995,2006,2009
1996,2010,2004
1996,2004,1998
1997,2009,2016
1997,2003,2009
1998,2004,2008
1998,2008,1999
1999,2008,2001
2000,2011,2005
2001,2012,2002
2001,2008,2012
2002,2012,2011
2004,2010,2014
2004,2014,2008
2005,2015,2006
2005,2011,2015
2006,2017,2009
2006,2015,2017
2007,2016,2013
2007,2013,2010
2008,2014,2012
2009,2017,2016
2010,2013,2014
2011,2012,2015
2012,2014,2015
2013,2017,2014
2013,2016,2017
2014,2017,2015
