1.22585689e-05,9.00000000e+02
2.45214143e-05,1.80000000e+03
3.67885433e-05,2.70000000e+03
4.90599629e-05,3.60000000e+03
6.13356802e-05,4.50000000e+03
7.39763638e-05,5.40000000e+03
9.04529321e-05,6.30000000e+03
1.11754371e-04,7.20000000e+03
1.37403896e-04,8.10000000e+03
1.65918104e-04,9.00000000e+03
1.99855563e-04,9.90000000e+03
2.33812191e-04,1.08000000e+04
2.72256362e-04,1.17000000e+04
3.11149480e-04,1.26000000e+04
3.50062878e-04,1.35000000e+04
3.88996618e-04,1.44000000e+04
4.30562242e-04,1.53000000e+04
4.72405904e-04,1.62000000e+04
5.14268204e-04,1.71000000e+04
5.56149197e-04,1.80000000e+04
5.98048937e-04,1.89000000e+04
6.39967478e-04,1.98000000e+04
6.81904876e-04,2.07000000e+04
7.23861185e-04,2.16000000e+04
7.65836460e-04,2.25000000e+04
8.07830758e-04,2.34000000e+04
8.49844133e-04,2.43000000e+04
8.91876643e-04,2.52000000e+04
9.34250649e-04,2.61000000e+04
9.77096484e-04,2.70000000e+04
1.01995913e-03,2.79000000e+04
1.06283864e-03,2.88000000e+04
1.10573506e-03,2.97000000e+04
1.14864845e-03,3.06000000e+04
1.19157885e-03,3.15000000e+04
1.23452631e-03,3.24000000e+04
1.27749088e-03,3.33000000e+04
1.32047262e-03,3.42000000e+04
1.36347158e-03,3.51000000e+04
1.40648781e-03,3.60000000e+04
1.44952135e-03,3.69000000e+04
1.49257227e-03,3.78000000e+04
1.53564062e-03,3.87000000e+04
1.57872644e-03,3.96000000e+04
1.62182979e-03,4.05000000e+04
1.66495073e-03,4.14000000e+04
1.70808930e-03,4.23000000e+04
1.75124556e-03,4.32000000e+04
1.79441957e-03,4.41000000e+04
1.83761138e-03,4.50000000e+04
1.88082104e-03,4.59000000e+04
1.92404862e-03,4.68000000e+04
1.96729415e-03,4.77000000e+04
2.01055771e-03,4.86000000e+04
2.05383934e-03,4.95000000e+04
2.09713911e-03,5.04000000e+04
2.14045706e-03,5.13000000e+04
2.18379326e-03,5.22000000e+04
2.22714776e-03,5.31000000e+04
2.27052062e-03,5.40000000e+04
2.31391190e-03,5.49000000e+04
2.35732165e-03,5.58000000e+04
2.40074994e-03,5.67000000e+04
2.44419681e-03,5.76000000e+04
2.48766234e-03,5.85000000e+04
2.53114658e-03,5.94000000e+04
2.57464959e-03,6.03000000e+04
2.61817142e-03,6.12000000e+04
2.66171215e-03,6.21000000e+04
2.70527183e-03,6.30000000e+04
2.74885051e-03,6.39000000e+04
2.79244827e-03,6.48000000e+04
2.83606516e-03,6.57000000e+04
2.87970125e-03,6.66000000e+04
2.92335660e-03,6.75000000e+04
2.96703126e-03,6.84000000e+04
3.01072531e-03,6.93000000e+04
3.05443881e-03,7.02000000e+04
3.09817181e-03,7.11000000e+04
3.14192439e-03,7.20000000e+04
3.18569661e-03,7.29000000e+04
3.22948852e-03,7.38000000e+04
3.27330021e-03,7.47000000e+04
3.31713173e-03,7.56000000e+04
3.36098315e-03,7.65000000e+04
3.40485453e-03,7.74000000e+04
3.44874595e-03,7.83000000e+04
3.49265746e-03,7.92000000e+04
3.53658914e-03,8.01000000e+04
3.58054106e-03,8.10000000e+04
3.62451327e-03,8.19000000e+04
3.66850585e-03,8.28000000e+04
3.71251888e-03,8.37000000e+04
3.75655241e-03,8.46000000e+04
3.80060652e-03,8.55000000e+04
3.84468127e-03,8.64000000e+04
3.88877675e-03,8.73000000e+04
3.93289301e-03,8.82000000e+04
3.97703014e-03,8.91000000e+04
4.02118819e-03,9.00000000e+04
4.06536725e-03,9.09000000e+04
4.10956739e-03,9.18000000e+04
4.15378867e-03,9.27000000e+04
4.19803118e-03,9.36000000e+04
4.24229499e-03,9.45000000e+04
4.28658017e-03,9.54000000e+04
4.33088679e-03,9.63000000e+04
4.37521493e-03,9.72000000e+04
4.41956467e-03,9.81000000e+04
4.46393609e-03,9.90000000e+04
4.50832925e-03,9.99000000e+04
4.55274424e-03,1.00800000e+05
4.59718113e-03,1.01700000e+05
4.64164001e-03,1.02600000e+05
4.68612094e-03,1.03500000e+05
4.73062402e-03,1.04400000e+05
4.77514931e-03,1.05300000e+05
4.81969690e-03,1.06200000e+05
4.86426687e-03,1.07100000e+05
4.90885930e-03,1.08000000e+05
4.95347427e-03,1.08900000e+05
4.99811186e-03,1.09800000e+05
5.04277215e-03,1.10700000e+05
5.08745524e-03,1.11600000e+05
5.13216120e-03,1.12500000e+05
5.17689011e-03,1.13400000e+05
5.22164206e-03,1.14300000e+05
5.26641714e-03,1.15200000e+05
5.31121542e-03,1.16100000e+05
5.35603701e-03,1.17000000e+05
5.40088197e-03,1.17900000e+05
5.44575041e-03,1.18800000e+05
5.49064240e-03,1.19700000e+05
5.53555804e-03,1.20600000e+05
5.58049742e-03,1.21500000e+05
5.62546062e-03,1.22400000e+05
5.67044773e-03,1.23300000e+05
5.71545885e-03,1.24200000e+05
5.76049406e-03,1.25100000e+05
5.80555346e-03,1.26000000e+05
5.85063715e-03,1.26900000e+05
5.89574520e-03,1.27800000e+05
5.94087772e-03,1.28700000e+05
5.98603481e-03,1.29600000e+05
6.03121655e-03,1.30500000e+05
6.07642304e-03,1.31400000e+05
6.12165437e-03,1.32300000e+05
6.16691065e-03,1.33200000e+05
6.21219198e-03,1.34100000e+05
6.25749844e-03,1.35000000e+05
6.30283014e-03,1.35900000e+05
6.34818717e-03,1.36800000e+05
6.39356965e-03,1.37700000e+05
6.43897766e-03,1.38600000e+05
6.48441131e-03,1.39500000e+05
6.52987070e-03,1.40400000e+05
6.57535594e-03,1.41300000e+05
6.62086712e-03,1.42200000e+05
6.66640436e-03,1.43100000e+05
6.71196775e-03,1.44000000e+05
6.75755740e-03,1.44900000e+05
6.80317342e-03,1.45800000e+05
6.84881592e-03,1.46700000e+05
6.89448500e-03,1.47600000e+05
6.94018077e-03,1.48500000e+05
6.98590334e-03,1.49400000e+05
7.03165283e-03,1.50300000e+05
7.07742933e-03,1.51200000e+05
7.12323297e-03,1.52100000e+05
7.16906386e-03,1.53000000e+05
7.21492210e-03,1.53900000e+05
7.26080782e-03,1.54800000e+05
7.30672113e-03,1.55700000e+05
7.35266214e-03,1.56600000e+05
7.39863096e-03,1.57500000e+05
7.44462773e-03,1.58400000e+05
7.49065255e-03,1.59300000e+05
7.53670555e-03,1.60200000e+05
7.58278684e-03,1.61100000e+05
7.62889655e-03,1.62000000e+05
7.67503479e-03,1.62900000e+05
7.72120170e-03,1.63800000e+05
7.76739738e-03,1.64700000e+05
7.81362198e-03,1.65600000e+05
7.85987560e-03,1.66500000e+05
7.90615839e-03,1.67400000e+05
7.95247046e-03,1.68300000e+05
7.99881194e-03,1.69200000e+05
8.04518297e-03,1.70100000e+05
8.09158367e-03,1.71000000e+05
8.13801418e-03,1.71900000e+05
8.18447462e-03,1.72800000e+05
8.23096513e-03,1.73700000e+05
8.27748584e-03,1.74600000e+05
8.32403689e-03,1.75500000e+05
8.37061842e-03,1.76400000e+05
8.41723056e-03,1.77300000e+05
8.46387344e-03,1.78200000e+05
8.51054722e-03,1.79100000e+05
8.55725202e-03,1.80000000e+05
