27.77777777777778,27.77777777777778,0.8999999999999997
83.33333333333334,27.77777777777778,0.8999999999999997
138.88888888888889,27.77777777777778,0.8999999999999997
194.44444444444443,27.77777777777778,0.8999999999999997
250,27.77777777777778,0.8999999999999997
305.55555555555554,27.77777777777778,0.8999999999999997
361.1111111111111,27.77777777777778,0.8999999999999997
416.6666666666667,27.77777777777778,0.8999999999999997
472.2222222222222,27.77777777777778,0.8999999999999997
527.7777777777778,27.77777777777778,0.8999999999999997
583.3333333333333,27.77777777777778,0.8999999999999997
638.8888888888889,27.77777777777778,0.8999999999999997
694.4444444444443,27.77777777777778,0.8999999999999997
750,27.77777777777778,0.8999999999999997
805.5555555555557,27.77777777777778,0.8999999999999997
861.1111111111112,27.77777777777778,0.8999999999999997
916.6666666666667,27.77777777777778,0.8999999999999997
972.2222222222222,27.77777777777778,0.8999999999999997
1027.7777777777778,27.77777777777778,0.8999999999999997
1083.3333333333335,27.77777777777778,0.8999999999999997
1138.888888888889,27.77777777777778,0.8999999999999997
1194.4444444444443,27.77777777777778,0.8999999999999997
1250,27.77777777777778,0.8999999999999997
1305.5555555555557,27.77777777777778,0.8999999999999997
1361.111111111111,27.77777777777778,0.8999999999999997
1416.6666666666665,27.77777777777778,0.8999999999999997
1472.2222222222222,27.77777777777778,0.8999999999999997
1527.7777777777778,27.77777777777778,0.8999999999999997
1583.3333333333335,27.77777777777778,0.8999999999999997
1638.888888888889,27.77777777777778,0.8999999999999997
1694.4444444444446,27.77777777777778,0.8999999999999997
1750,27.77777777777778,0.8999999999999997
1805.5555555555557,27.77777777777778,0.8999999999999997
1861.111111111111,27.77777777777778,0.8999999999999997
1916.6666666666665,27.77777777777778,0.8999999999999997
1972.2222222222222,27.77777777777778,0.8999999999999997
2027.7777777777778,27.77777777777778,0.8999999999999997
2083.3333333333335,27.77777777777778,0.8999999999999997
2138.8888888888887,27.77777777777778,0.8999999999999997
2194.4444444444443,27.77777777777778,0.8999999999999997
2250,27.77777777777778,0.8999999999999997
2305.5555555555557,27.77777777777778,0.8999999999999997
2361.1111111111113,27.77777777777778,0.8999999999999997
2416.6666666666665,27.77777777777778,0.8999999999999997
2472.222222222222,27.77777777777778,0.8999999999999997
2527.777777777778,27.77777777777778,0.8999999999999997
2583.3333333333335,27.77777777777778,0.8999999999999997
2638.8888888888887,27.77777777777778,0.8999999999999997
2694.4444444444443,27.77777777777778,0.8999999999999997
2750,27.77777777777778,0.8999999999999997
2805.5555555555557,27.77777777777778,0.7873239846933435
2861.1111111111113,27.77777777777778,0.6217842205200195
2916.6666666666665,27.77777777777778,0.05675371462446901
2972.2222222222226,27.77777777777778,0
27.77777777777778,83.33333333333334,0
83.33333333333334,83.33333333333334,0
138.88888888888889,83.33333333333334,0
194.44444444444443,83.33333333333334,0
250,83.33333333333334,0
305.55555555555554,83.33333333333334,0
361.1111111111111,83.33333333333334,0
416.6666666666667,83.33333333333334,0
472.2222222222222,83.33333333333334,0.1879358479579252
527.7777777777778,83.33333333333334,0.35346204897331374
583.3333333333333,83.33333333333334,0.7428625868315296
638.8888888888889,83.33333333333334,0.8999999999999997
694.4444444444443,83.33333333333334,0.8999999999999997
750,83.33333333333334,0.8999999999999997
805.5555555555557,83.33333333333334,0.8999999999999997
861.1111111111112,83.33333333333334,0.8999999999999997
916.6666666666667,83.33333333333334,0.8999999999999997
972.2222222222222,83.33333333333334,0.8055933743358894
1027.7777777777778,83.33333333333334,0.6671192686249255
1083.3333333333335,83.33333333333334,0.4172706766125794
1138.888888888889,83.33333333333334,0.1410666547923575
1194.4444444444443,83.33333333333334,0.07958569975211637
1250,83.33333333333334,0.07225871699971302
1305.5555555555557,83.33333333333334,0.06800234306189953
1361.111111111111,83.33333333333334,0.06517897733984944
1416.6666666666665,83.33333333333334,0.06263144391382242
1472.2222222222222,83.33333333333334,0.05917804880222459
1527.7777777777778,83.33333333333334,0.05478258603851358
1583.3333333333335,83.33333333333334,0.04967787026661771
1638.888888888889,83.33333333333334,0.043274427854990874
1694.4444444444446,83.33333333333334,0.03437149762125568
1750,83.33333333333334,0.023139495654915954
1805.5555555555557,83.33333333333334,0.010801801789591616
1861.111111111111,83.33333333333334,0.0017755793141358929
1916.6666666666665,83.33333333333334,0
1972.2222222222222,83.33333333333334,0
2027.7777777777778,83.33333333333334,0
2083.3333333333335,83.33333333333334,0
2138.8888888888887,83.33333333333334,0
2194.4444444444443,83.33333333333334,0
2250,83.33333333333334,0
2305.5555555555557,83.33333333333334,0
2361.1111111111113,83.33333333333334,0
2416.6666666666665,83.33333333333334,0
2472.222222222222,83.33333333333334,0
2527.777777777778,83.33333333333334,0.8999898883893749
2583.3333333333335,83.33333333333334,0
2638.8888888888887,83.33333333333334,0
2694.4444444444443,83.33333333333334,0
2750,83.33333333333334,0
2805.5555555555557,83.33333333333334,0
2861.1111111111113,83.33333333333334,0
2916.6666666666665,83.33333333333334,0
2972.2222222222226,83.33333333333334,0
27.77777777777778,138.88888888888889,0
83.33333333333334,138.88888888888889,0
138.88888888888889,138.88888888888889,0
194.44444444444443,138.88888888888889,0
250,138.88888888888889,0
305.55555555555554,138.88888888888889,0
361.1111111111111,138.88888888888889,0
416.6666666666667,138.88888888888889,0
472.2222222222222,138.88888888888889,0.218297128049482
527.7777777777778,138.88888888888889,0.6914601242285692
583.3333333333333,138.88888888888889,0.8905524170782023
638.8888888888889,138.88888888888889,0.8285772430105757
694.4444444444443,138.88888888888889,0.6492202217154738
750,138.88888888888889,0.3573867104204196
805.5555555555557,138.88888888888889,0.1427322182597813
861.1111111111112,138.88888888888889,0.08876280009964455
916.6666666666667,138.88888888888889,0.06232124527591756
972.2222222222222,138.88888888888889,0.04979587156837232
1027.7777777777778,138.88888888888889,0.04338019400001917
1083.3333333333335,138.88888888888889,0.0402925815164412
1138.888888888889,138.88888888888889,0.039073954828830075
1194.4444444444443,138.88888888888889,0.0382170756228343
1250,138.88888888888889,0.037677787566604545
1305.5555555555557,138.88888888888889,0.036905518652091934
1361.111111111111,138.88888888888889,0.03547489574427779
1416.6666666666665,138.88888888888889,0.033262130190796775
1472.2222222222222,138.88888888888889,0.03025082080361449
1527.7777777777778,138.88888888888889,0.026828888944701815
1583.3333333333335,138.88888888888889,0.022656465419448005
1638.888888888889,138.88888888888889,0.01761376082630042
1694.4444444444446,138.88888888888889,0.011836278557539982
1750,138.88888888888889,0.005721513034160994
1805.5555555555557,138.88888888888889,0.000889449298569201
1861.111111111111,138.88888888888889,0
1916.6666666666665,138.88888888888889,0
1972.2222222222222,138.88888888888889,0
2027.7777777777778,138.88888888888889,0
2083.3333333333335,138.88888888888889,0
2138.8888888888887,138.88888888888889,0
2194.4444444444443,138.88888888888889,0
2250,138.88888888888889,0
2305.5555555555557,138.88888888888889,0
2361.1111111111113,138.88888888888889,0
2416.6666666666665,138.88888888888889,0
2472.222222222222,138.88888888888889,0.1391545457504612
2527.777777777778,138.88888888888889,0.8999999999999997
2583.3333333333335,138.88888888888889,0.8999999999999997
2638.8888888888887,138.88888888888889,0.6793175227129995
2694.4444444444443,138.88888888888889,0.059500362954577474
2750,138.88888888888889,0
2805.5555555555557,138.88888888888889,0
2861.1111111111113,138.88888888888889,0
2916.6666666666665,138.88888888888889,0
2972.2222222222226,138.88888888888889,0
27.77777777777778,194.44444444444446,0
83.33333333333334,194.44444444444446,0
138.88888888888889,194.44444444444446,0
194.44444444444443,194.44444444444446,0
250,194.44444444444446,0
305.55555555555554,194.44444444444446,0
361.1111111111111,194.44444444444446,0
416.6666666666667,194.44444444444446,0
472.2222222222222,194.44444444444446,0.22694747129111084
527.7777777777778,194.44444444444446,0.8277415418717176
583.3333333333333,194.44444444444446,0.7412726592125604
638.8888888888889,194.44444444444446,0.3614906712493185
694.4444444444443,194.44444444444446,0.10899661842165649
750,194.44444444444446,0.060125355821010834
805.5555555555557,194.44444444444446,0.03927584756034836
861.1111111111112,194.44444444444446,0.03190532524565564
916.6666666666667,194.44444444444446,0.02973104094057959
972.2222222222222,194.44444444444446,0.028727779353907145
1027.7777777777778,194.44444444444446,0.02796409310841428
1083.3333333333335,194.44444444444446,0.02750589526138399
1138.888888888889,194.44444444444446,0.02713414982645631
1194.4444444444443,194.44444444444446,0.026669563974095107
1250,194.44444444444446,0.026472072254844856
1305.5555555555557,194.44444444444446,0.025827817934403918
1361.111111111111,194.44444444444446,0.024598938340845374
1416.6666666666665,194.44444444444446,0.022813435263704964
1472.2222222222222,194.44444444444446,0.02051408319302382
1527.7777777777778,194.44444444444446,0.017822575017252373
1583.3333333333335,194.44444444444446,0.014783329746523887
1638.888888888889,194.44444444444446,0.011267312570837395
1694.4444444444446,194.44444444444446,0.007114348200954063
1750,194.44444444444446,0.003182311912047434
1805.5555555555557,194.44444444444446,0.00017891051209770122
1861.111111111111,194.44444444444446,0
1916.6666666666665,194.44444444444446,0
1972.2222222222222,194.44444444444446,0
2027.7777777777778,194.44444444444446,0
2083.3333333333335,194.44444444444446,0
2138.8888888888887,194.44444444444446,0
2194.4444444444443,194.44444444444446,0
2250,194.44444444444446,0
2305.5555555555557,194.44444444444446,0
2361.1111111111113,194.44444444444446,0
2416.6666666666665,194.44444444444446,0
2472.222222222222,194.44444444444446,0.654801415481638
2527.777777777778,194.44444444444446,0.8999999999999997
2583.3333333333335,194.44444444444446,0.12919225909229556
2638.8888888888887,194.44444444444446,0
2694.4444444444443,194.44444444444446,0
2750,194.44444444444446,0
2805.5555555555557,194.44444444444446,0
2861.1111111111113,194.44444444444446,0
2916.6666666666665,194.44444444444446,0
2972.2222222222226,194.44444444444446,0
27.77777777777778,250,0
83.33333333333334,250,0
138.88888888888889,250,0
194.44444444444443,250,0
250,250,0
305.55555555555554,250,0
361.1111111111111,250,0
416.6666666666667,250,0
472.2222222222222,250,0.5673500770576855
527.7777777777778,250,0.8320069800462361
583.3333333333333,250,0.384495206711044
638.8888888888889,250,0.07635592773617765
694.4444444444443,250,0.04020184264023297
750,250,0.027950864016487
805.5555555555557,250,0.02470687966919793
861.1111111111112,250,0.0232677226296379
916.6666666666667,250,0.022383105955835973
972.2222222222222,250,0.021914485828582634
1027.7777777777778,250,0.022043195560072542
1083.3333333333335,250,0.02210769797277992
1138.888888888889,250,0.022043143338948887
1194.4444444444443,250,0.021783158717382962
1250,250,0.021292367393656024
1305.5555555555557,250,0.0204817304103956
1361.111111111111,250,0.019333176927955324
1416.6666666666665,250,0.017855139752674713
1472.2222222222222,250,0.016064560358760856
1527.7777777777778,250,0.014042670567725506
1583.3333333333335,250,0.011784443061590837
1638.888888888889,250,0.009134077265383473
1694.4444444444446,250,0.0059860134510006146
1750,250,0.002834759947831184
1805.5555555555557,250,0.0004080944803822374
1861.111111111111,250,0
1916.6666666666665,250,0
1972.2222222222222,250,0
2027.7777777777778,250,0
2083.3333333333335,250,0
2138.8888888888887,250,0
2194.4444444444443,250,0
2250,250,0
2305.5555555555557,250,0
2361.1111111111113,250,0
2416.6666666666665,250,0
2472.222222222222,250,0.8999999999999894
2527.777777777778,250,0.8999999999999997
2583.3333333333335,250,0
2638.8888888888887,250,0
2694.4444444444443,250,0
2750,250,0
2805.5555555555557,250,0
2861.1111111111113,250,0
2916.6666666666665,250,0
2972.2222222222226,250,0
27.77777777777778,305.55555555555554,0
83.33333333333334,305.55555555555554,0
138.88888888888889,305.55555555555554,0
194.44444444444443,305.55555555555554,0
250,305.55555555555554,0
305.55555555555554,305.55555555555554,0
361.1111111111111,305.55555555555554,0
416.6666666666667,305.55555555555554,0
472.2222222222222,305.55555555555554,0.6781789467330519
527.7777777777778,305.55555555555554,0.6995146392257291
583.3333333333333,305.55555555555554,0.08920583898826734
638.8888888888889,305.55555555555554,0.03653421422171828
694.4444444444443,305.55555555555554,0.024235246021202136
750,305.55555555555554,0.020977237130609477
805.5555555555557,305.55555555555554,0.019874240290587365
861.1111111111112,305.55555555555554,0.01940763674308828
916.6666666666667,305.55555555555554,0.019241769468532382
972.2222222222222,305.55555555555554,0.01915972690248716
1027.7777777777778,305.55555555555554,0.019026258943466403
1083.3333333333335,305.55555555555554,0.018856666586715018
1138.888888888889,305.55555555555554,0.01901401363498442
1194.4444444444443,305.55555555555554,0.01896017567057885
1250,305.55555555555554,0.01867772287045808
1305.5555555555557,305.55555555555554,0.018075687949262724
1361.111111111111,305.55555555555554,0.017149669966111867
1416.6666666666665,305.55555555555554,0.0159246396219193
1472.2222222222222,305.55555555555554,0.01443447999967149
1527.7777777777778,305.55555555555554,0.012740294747152103
1583.3333333333335,305.55555555555554,0.01080690456729514
1638.888888888889,305.55555555555554,0.008521748982838067
1694.4444444444446,305.55555555555554,0.005924948601029331
1750,305.55555555555554,0.0032917369257785185
1805.5555555555557,305.55555555555554,0.0009340473395320714
1861.111111111111,305.55555555555554,0
1916.6666666666665,305.55555555555554,0
1972.2222222222222,305.55555555555554,0
2027.7777777777778,305.55555555555554,0
2083.3333333333335,305.55555555555554,0
2138.8888888888887,305.55555555555554,0
2194.4444444444443,305.55555555555554,0
2250,305.55555555555554,0
2305.5555555555557,305.55555555555554,0
2361.1111111111113,305.55555555555554,0.0012341737413240933
2416.6666666666665,305.55555555555554,0.7040864159946116
2472.222222222222,305.55555555555554,0.8999999999999997
2527.777777777778,305.55555555555554,0.8999999999999997
2583.3333333333335,305.55555555555554,0
2638.8888888888887,305.55555555555554,0
2694.4444444444443,305.55555555555554,0
2750,305.55555555555554,0
2805.5555555555557,305.55555555555554,0
2861.1111111111113,305.55555555555554,0
2916.6666666666665,305.55555555555554,0
2972.2222222222226,305.55555555555554,0
27.77777777777778,361.11111111111114,0
83.33333333333334,361.11111111111114,0
138.88888888888889,361.11111111111114,0
194.44444444444443,361.11111111111114,0
250,361.11111111111114,0
305.55555555555554,361.11111111111114,0
361.1111111111111,361.11111111111114,0
416.6666666666667,361.11111111111114,0
472.2222222222222,361.11111111111114,0.7029509537866833
527.7777777777778,361.11111111111114,0.43215618364687297
583.3333333333333,361.11111111111114,0.04077340982010078
638.8888888888889,361.11111111111114,0.02259800479642247
694.4444444444443,361.11111111111114,0.018203592087039328
750,361.11111111111114,0.016648734684496774
805.5555555555557,361.11111111111114,0.0162841448619093
861.1111111111112,361.11111111111114,0.016417938668713366
916.6666666666667,361.11111111111114,0.016801047947753684
972.2222222222222,361.11111111111114,0.017170045172072008
1027.7777777777778,361.11111111111114,0.017406109033621664
1083.3333333333335,361.11111111111114,0.017468509545603673
1138.888888888889,361.11111111111114,0.017368957431421767
1194.4444444444443,361.11111111111114,0.017133480249666
1250,361.11111111111114,0.017057900050015735
1305.5555555555557,361.11111111111114,0.016652744761452835
1361.111111111111,361.11111111111114,0.015950815376287623
1416.6666666666665,361.11111111111114,0.014980383967850957
1472.2222222222222,361.11111111111114,0.013767198830533548
1527.7777777777778,361.11111111111114,0.012327897897600122
1583.3333333333335,361.11111111111114,0.010614383302605772
1638.888888888889,361.11111111111114,0.008583013394693494
1694.4444444444446,361.11111111111114,0.006293229136395597
1750,361.11111111111114,0.0041211389299776946
1805.5555555555557,361.11111111111114,0.0016392166844084778
1861.111111111111,361.11111111111114,0
1916.6666666666665,361.11111111111114,0
1972.2222222222222,361.11111111111114,0
2027.7777777777778,361.11111111111114,0
2083.3333333333335,361.11111111111114,0
2138.8888888888887,361.11111111111114,0
2194.4444444444443,361.11111111111114,0
2250,361.11111111111114,0.0014577230418585316
2305.5555555555557,361.11111111111114,0.028118039355988684
2361.1111111111113,361.11111111111114,0.813545581616273
2416.6666666666665,361.11111111111114,0.8999999999999997
2472.222222222222,361.11111111111114,0.8999999999999997
2527.777777777778,361.11111111111114,0.8999999999999997
2583.3333333333335,361.11111111111114,0
2638.8888888888887,361.11111111111114,0
2694.4444444444443,361.11111111111114,0
2750,361.11111111111114,0
2805.5555555555557,361.11111111111114,0
2861.1111111111113,361.11111111111114,0
2916.6666666666665,361.11111111111114,0
2972.2222222222226,361.11111111111114,0
27.77777777777778,416.66666666666663,0
83.33333333333334,416.66666666666663,0
138.88888888888889,416.66666666666663,0
194.44444444444443,416.66666666666663,0
250,416.66666666666663,0
305.55555555555554,416.66666666666663,0
361.1111111111111,416.66666666666663,0
416.6666666666667,416.66666666666663,0
472.2222222222222,416.66666666666663,0.6696286504997153
527.7777777777778,416.66666666666663,0.09139998660284947
583.3333333333333,416.66666666666663,0.023576709926868767
638.8888888888889,416.66666666666663,0.016362903010350458
694.4444444444443,416.66666666666663,0.014476168403515628
750,416.66666666666663,0.013907938388542913
805.5555555555557,416.66666666666663,0.013802063581178631
861.1111111111112,416.66666666666663,0.013885109472605238
916.6666666666667,416.66666666666663,0.014718442054197799
972.2222222222222,416.66666666666663,0.015451340904573478
1027.7777777777778,416.66666666666663,0.015994735137661115
1083.3333333333335,416.66666666666663,0.016339459836426987
1138.888888888889,416.66666666666663,0.01649423530574658
1194.4444444444443,416.66666666666663,0.01645856232938805
1250,416.66666666666663,0.016221807683363496
1305.5555555555557,416.66666666666663,0.015772106585324436
1361.111111111111,416.66666666666663,0.015256176577000314
1416.6666666666665,416.66666666666663,0.014528289012227347
1472.2222222222222,416.66666666666663,0.013536217127403015
1527.7777777777778,416.66666666666663,0.012282669500927034
1583.3333333333335,416.66666666666663,0.010750491060273815
1638.888888888889,416.66666666666663,0.00896422851931949
1694.4444444444446,416.66666666666663,0.007171904553458568
1750,416.66666666666663,0.0051477762117206555
1805.5555555555557,416.66666666666663,0.0029303928160251632
1861.111111111111,416.66666666666663,0.000593990572411235
1916.6666666666665,416.66666666666663,0
1972.2222222222222,416.66666666666663,0
2027.7777777777778,416.66666666666663,0
2083.3333333333335,416.66666666666663,0
2138.8888888888887,416.66666666666663,0.0003199206086317418
2194.4444444444443,416.66666666666663,0.02070238575663286
2250,416.66666666666663,0.41072185574593606
2305.5555555555557,416.66666666666663,0.8999999999999997
2361.1111111111113,416.66666666666663,0.8999999999999997
2416.6666666666665,416.66666666666663,0.8999999999999997
2472.222222222222,416.66666666666663,0.8999999999999997
2527.777777777778,416.66666666666663,0.8999999999999997
2583.3333333333335,416.66666666666663,0
2638.8888888888887,416.66666666666663,0
2694.4444444444443,416.66666666666663,0
2750,416.66666666666663,0
2805.5555555555557,416.66666666666663,0
2861.1111111111113,416.66666666666663,0
2916.6666666666665,416.66666666666663,0
2972.2222222222226,416.66666666666663,0
27.77777777777778,472.22222222222223,0
83.33333333333334,472.22222222222223,0
138.88888888888889,472.22222222222223,0
194.44444444444443,472.22222222222223,0
250,472.22222222222223,0
305.55555555555554,472.22222222222223,0
361.1111111111111,472.22222222222223,0
416.6666666666667,472.22222222222223,0
472.2222222222222,472.22222222222223,0.6196063247847629
527.7777777777778,472.22222222222223,0.02986271246722186
583.3333333333333,472.22222222222223,0.014481551172380473
638.8888888888889,472.22222222222223,0.011822491943133333
694.4444444444443,472.22222222222223,0.011237501243152944
750,472.22222222222223,0.011403063484511236
805.5555555555557,472.22222222222223,0.011829558295890075
861.1111111111112,472.22222222222223,0.012386476766874184
916.6666666666667,472.22222222222223,0.013062100244105068
972.2222222222222,472.22222222222223,0.014010169076949098
1027.7777777777778,472.22222222222223,0.014823255328920934
1083.3333333333335,472.22222222222223,0.015415920396421893
1138.888888888889,472.22222222222223,0.015796393737820564
1194.4444444444443,472.22222222222223,0.015966737344608888
1250,472.22222222222223,0.01592285952538352
1305.5555555555557,472.22222222222223,0.01566031108855975
1361.111111111111,472.22222222222223,0.015181989403430449
1416.6666666666665,472.22222222222223,0.014497743493705346
1472.2222222222222,472.22222222222223,0.013619280241850159
1527.7777777777778,472.22222222222223,0.012551048313656835
1583.3333333333335,472.22222222222223,0.011288546177612277
1638.888888888889,472.22222222222223,0.009824295902207328
1694.4444444444446,472.22222222222223,0.008145421372334486
1750,472.22222222222223,0.006213813567990314
1805.5555555555557,472.22222222222223,0.0041400845719963145
1861.111111111111,472.22222222222223,0.00170160890807478
1916.6666666666665,472.22222222222223,0
1972.2222222222222,472.22222222222223,0
2027.7777777777778,472.22222222222223,0
2083.3333333333335,472.22222222222223,0.0008007230809678216
2138.8888888888887,472.22222222222223,0.03533301837725606
2194.4444444444443,472.22222222222223,0.8999753842108217
2250,472.22222222222223,0.8999999999999997
2305.5555555555557,472.22222222222223,0.8999999999999997
2361.1111111111113,472.22222222222223,0.8999999999999997
2416.6666666666665,472.22222222222223,0.8999999999999997
2472.222222222222,472.22222222222223,0.8999999999999997
2527.777777777778,472.22222222222223,0.3373227331666026
2583.3333333333335,472.22222222222223,0
2638.8888888888887,472.22222222222223,0
2694.4444444444443,472.22222222222223,0
2750,472.22222222222223,0
2805.5555555555557,472.22222222222223,0
2861.1111111111113,472.22222222222223,0
2916.6666666666665,472.22222222222223,0
2972.2222222222226,472.22222222222223,0
27.77777777777778,527.7777777777778,0
83.33333333333334,527.7777777777778,0
138.88888888888889,527.7777777777778,0
194.44444444444443,527.7777777777778,0
250,527.7777777777778,0
305.55555555555554,527.7777777777778,0
361.1111111111111,527.7777777777778,0
416.6666666666667,527.7777777777778,0
472.2222222222222,527.7777777777778,0.46301235911698707
527.7777777777778,527.7777777777778,0.014888399421337573
583.3333333333333,527.7777777777778,0.008851275491340255
638.8888888888889,527.7777777777778,0.008242857787054404
694.4444444444443,527.7777777777778,0.008621252933591367
750,527.7777777777778,0.009390301712667538
805.5555555555557,527.7777777777778,0.010284435625066207
861.1111111111112,527.7777777777778,0.0112364733116231
916.6666666666667,527.7777777777778,0.01215271251723548
972.2222222222222,527.7777777777778,0.012852924803560067
1027.7777777777778,527.7777777777778,0.013878912130055031
1083.3333333333335,527.7777777777778,0.014680524575854096
1138.888888888889,527.7777777777778,0.015258063358701298
1194.4444444444443,527.7777777777778,0.0156128169115647
1250,527.7777777777778,0.015743984594483763
1305.5555555555557,527.7777777777778,0.015651663484758545
1361.111111111111,527.7777777777778,0.01533996828299998
1416.6666666666665,527.7777777777778,0.014817498561767402
1472.2222222222222,527.7777777777778,0.01409348022512627
1527.7777777777778,527.7777777777778,0.013172758809903902
1583.3333333333335,527.7777777777778,0.012053695047052507
1638.888888888889,527.7777777777778,0.01072972291339117
1694.4444444444446,527.7777777777778,0.009188326389579638
1750,527.7777777777778,0.007421399098436698
1805.5555555555557,527.7777777777778,0.005433638347622511
1861.111111111111,527.7777777777778,0.0031477320462180262
1916.6666666666665,527.7777777777778,0.000542430255375632
1972.2222222222222,527.7777777777778,0
2027.7777777777778,527.7777777777778,0
2083.3333333333335,527.7777777777778,0.6872933885730959
2138.8888888888887,527.7777777777778,0.8999999999999997
2194.4444444444443,527.7777777777778,0.8999999999999997
2250,527.7777777777778,0.8999999999999997
2305.5555555555557,527.7777777777778,0.8999999999999997
2361.1111111111113,527.7777777777778,0.8999999999999997
2416.6666666666665,527.7777777777778,0.8999999999999997
2472.222222222222,527.7777777777778,0.2581704686766826
2527.777777777778,527.7777777777778,0.06613711037803101
2583.3333333333335,527.7777777777778,0
2638.8888888888887,527.7777777777778,0
2694.4444444444443,527.7777777777778,0
2750,527.7777777777778,0
2805.5555555555557,527.7777777777778,0
2861.1111111111113,527.7777777777778,0
2916.6666666666665,527.7777777777778,0
2972.2222222222226,527.7777777777778,0
27.77777777777778,583.3333333333333,0
83.33333333333334,583.3333333333333,0
138.88888888888889,583.3333333333333,0
194.44444444444443,583.3333333333333,0
250,583.3333333333333,0
305.55555555555554,583.3333333333333,0
361.1111111111111,583.3333333333333,0
416.6666666666667,583.3333333333333,0
472.2222222222222,583.3333333333333,0.26643930814316064
527.7777777777778,583.3333333333333,0.005732702760138914
583.3333333333333,583.3333333333333,0.004954473430959131
638.8888888888889,583.3333333333333,0.00552162982203635
694.4444444444443,583.3333333333333,0.006622013405755768
750,583.3333333333333,0.00782447997590954
805.5555555555557,583.3333333333333,0.009044252881980288
861.1111111111112,583.3333333333333,0.01023218087312952
916.6666666666667,583.3333333333333,0.011305716852195283
972.2222222222222,583.3333333333333,0.012183817472072773
1027.7777777777778,583.3333333333333,0.01309694204387397
1083.3333333333335,583.3333333333333,0.014087360836037222
1138.888888888889,583.3333333333333,0.0148427569631066
1194.4444444444443,583.3333333333333,0.015365188982746794
1250,583.3333333333333,0.015656627337620556
1305.5555555555557,583.3333333333333,0.015720101926303805
1361.111111111111,583.3333333333333,0.01556119800492163
1416.6666666666665,583.3333333333333,0.015187800785654083
1472.2222222222222,583.3333333333333,0.014607835430618589
1527.7777777777778,583.3333333333333,0.01382607387081807
1583.3333333333335,583.3333333333333,0.012842154024820814
1638.888888888889,583.3333333333333,0.01165005415997209
1694.4444444444446,583.3333333333333,0.010238548775217274
1750,583.3333333333333,0.00859561546224007
1805.5555555555557,583.3333333333333,0.006705624188115951
1861.111111111111,583.3333333333333,0.004516218900341652
1916.6666666666665,583.3333333333333,0.0020062471982229615
1972.2222222222222,583.3333333333333,0
2027.7777777777778,583.3333333333333,0.8999999999999997
2083.3333333333335,583.3333333333333,0.8999999999999997
2138.8888888888887,583.3333333333333,0.8999999999999997
2194.4444444444443,583.3333333333333,0.8999999999999997
2250,583.3333333333333,0.8999999999999997
2305.5555555555557,583.3333333333333,0.8999999999999997
2361.1111111111113,583.3333333333333,0.8999999999999997
2416.6666666666665,583.3333333333333,0.16458983017646694
2472.222222222222,583.3333333333333,0.03566471114043826
2527.777777777778,583.3333333333333,0
2583.3333333333335,583.3333333333333,0
2638.8888888888887,583.3333333333333,0
2694.4444444444443,583.3333333333333,0
2750,583.3333333333333,0
2805.5555555555557,583.3333333333333,0
2861.1111111111113,583.3333333333333,0
2916.6666666666665,583.3333333333333,0
2972.2222222222226,583.3333333333333,0
27.77777777777778,638.8888888888888,0
83.33333333333334,638.8888888888888,0
138.88888888888889,638.8888888888888,0
194.44444444444443,638.8888888888888,0
250,638.8888888888888,0
305.55555555555554,638.8888888888888,0
361.1111111111111,638.8888888888888,0
416.6666666666667,638.8888888888888,0
472.2222222222222,638.8888888888888,0.11634859674649664
527.7777777777778,638.8888888888888,0.0014404624648048695
583.3333333333333,638.8888888888888,0.001875724317717339
638.8888888888889,638.8888888888888,0.003012110616088915
694.4444444444443,638.8888888888888,0.004660242386131994
750,638.8888888888888,0.006241376991132073
805.5555555555557,638.8888888888888,0.007762072087372973
861.1111111111112,638.8888888888888,0.009184381083368965
916.6666666666667,638.8888888888888,0.010457337260486201
972.2222222222222,638.8888888888888,0.011531613812841372
1027.7777777777778,638.8888888888888,0.01242434203552254
1083.3333333333335,638.8888888888888,0.013591201362026767
1138.888888888889,638.8888888888888,0.014511389739457276
1194.4444444444443,638.8888888888888,0.015188794918074436
1250,638.8888888888888,0.015628205207817773
1305.5555555555557,638.8888888888888,0.015835201956539566
1361.111111111111,638.8888888888888,0.015816681275551695
1416.6666666666665,638.8888888888888,0.015580630643606333
1472.2222222222222,638.8888888888888,0.015134163663774727
1527.7777777777778,638.8888888888888,0.0144817622531731
1583.3333333333335,638.8888888888888,0.013623341721247571
1638.888888888889,638.8888888888888,0.012552614662761469
1694.4444444444446,638.8888888888888,0.011258922948390654
1750,638.8888888888888,0.009726750923380361
1805.5555555555557,638.8888888888888,0.007932982372622311
1861.111111111111,638.8888888888888,0.005848960677461796
1916.6666666666665,638.8888888888888,0.7934817939575357
1972.2222222222222,638.8888888888888,0.8999999999999997
2027.7777777777778,638.8888888888888,0.8999999999999997
2083.3333333333335,638.8888888888888,0.8999999999999997
2138.8888888888887,638.8888888888888,0.8999999999999997
2194.4444444444443,638.8888888888888,0.8999999999999997
2250,638.8888888888888,0.8999999999999997
2305.5555555555557,638.8888888888888,0.7045083284373412
2361.1111111111113,638.8888888888888,0.0922250822143837
2416.6666666666665,638.8888888888888,0.004886954615359303
2472.222222222222,638.8888888888888,0
2527.777777777778,638.8888888888888,0
2583.3333333333335,638.8888888888888,0
2638.8888888888887,638.8888888888888,0
2694.4444444444443,638.8888888888888,0
2750,638.8888888888888,0
2805.5555555555557,638.8888888888888,0
2861.1111111111113,638.8888888888888,0
2916.6666666666665,638.8888888888888,0
2972.2222222222226,638.8888888888888,0
27.77777777777778,694.4444444444445,0
83.33333333333334,694.4444444444445,0
138.88888888888889,694.4444444444445,0
194.44444444444443,694.4444444444445,0
250,694.4444444444445,0
305.55555555555554,694.4444444444445,0
361.1111111111111,694.4444444444445,0
416.6666666666667,694.4444444444445,0
472.2222222222222,694.4444444444445,0.018419799591347718
527.7777777777778,694.4444444444445,0
583.3333333333333,694.4444444444445,0
638.8888888888889,694.4444444444445,0.0012175662270200117
694.4444444444443,694.4444444444445,0.0029657497738536337
750,694.4444444444445,0.004764886476727593
805.5555555555557,694.4444444444445,0.0065146535729519025
861.1111111111112,694.4444444444445,0.008146642253459638
916.6666666666667,694.4444444444445,0.009610466464589604
972.2222222222222,694.4444444444445,0.01086978940344042
1027.7777777777778,694.4444444444445,0.011912218806902878
1083.3333333333335,694.4444444444445,0.013157963223580352
1138.888888888889,694.4444444444445,0.014229922040701483
1194.4444444444443,694.4444444444445,0.01505046758954348
1250,694.4444444444445,0.015626529798920968
1305.5555555555557,694.4444444444445,0.015965737873202653
1361.111111111111,694.4444444444445,0.016076371680831602
1416.6666666666665,694.4444444444445,0.01596647546093871
1472.2222222222222,694.4444444444445,0.015643312917758372
1527.7777777777778,694.4444444444445,0.015110697388042603
1583.3333333333335,694.4444444444445,0.01436845185370497
1638.888888888889,694.4444444444445,0.01341042257436378
1694.4444444444446,694.4444444444445,0.012227064079091922
1750,694.4444444444445,0.010798702733719254
1805.5555555555557,694.4444444444445,0.6343025944009877
1861.111111111111,694.4444444444445,0.8999999999999997
1916.6666666666665,694.4444444444445,0.8999999999999997
1972.2222222222222,694.4444444444445,0.8999999999999997
2027.7777777777778,694.4444444444445,0.8999999999999997
2083.3333333333335,694.4444444444445,0.8999999999999997
2138.8888888888887,694.4444444444445,0.8999999999999997
2194.4444444444443,694.4444444444445,0.8999999999999997
2250,694.4444444444445,0.15607839667464699
2305.5555555555557,694.4444444444445,0.02968747721566494
2361.1111111111113,694.4444444444445,0
2416.6666666666665,694.4444444444445,0
2472.222222222222,694.4444444444445,0
2527.777777777778,694.4444444444445,0
2583.3333333333335,694.4444444444445,0
2638.8888888888887,694.4444444444445,0
2694.4444444444443,694.4444444444445,0
2750,694.4444444444445,0
2805.5555555555557,694.4444444444445,0
2861.1111111111113,694.4444444444445,0
2916.6666666666665,694.4444444444445,0
2972.2222222222226,694.4444444444445,0
27.77777777777778,750,0
83.33333333333334,750,0
138.88888888888889,750,0
194.44444444444443,750,0
250,750,0
305.55555555555554,750,0
361.1111111111111,750,0
416.6666666666667,750,0
472.2222222222222,750,0
527.7777777777778,750,0
583.3333333333333,750,0
638.8888888888889,750,0
694.4444444444443,750,0.00124411554889777
750,750,0.0033357244567640623
805.5555555555557,750,0.005290760682238423
861.1111111111112,750,0.0071131918343096
916.6666666666667,750,0.008757189047427616
972.2222222222222,750,0.010189229240766049
1027.7777777777778,750,0.01139744557572299
1083.3333333333335,750,0.012755969386767535
1138.888888888889,750,0.013967174590375855
1194.4444444444443,750,0.014919308253373184
1250,750,0.015621124111670109
1305.5555555555557,750,0.0160819912204531
1361.111111111111,750,0.01631110369495622
1416.6666666666665,750,0.01631744563411251
1472.2222222222222,750,0.016107655790861843
1527.7777777777778,750,0.015684546723977857
1583.3333333333335,750,0.015052533810942532
1638.888888888889,750,0.015260119353926765
1694.4444444444446,750,0.060045536156410936
1750,750,0.8999999999999997
1805.5555555555557,750,0.8999999999999997
1861.111111111111,750,0.8999999999999997
1916.6666666666665,750,0.8999999999999997
1972.2222222222222,750,0.8999999999999997
2027.7777777777778,750,0.8999999999999997
2083.3333333333335,750,0.8999999999999997
2138.8888888888887,750,0.7109681729484243
2194.4444444444443,750,0.052909936612037946
2250,750,0
2305.5555555555557,750,0
2361.1111111111113,750,0
2416.6666666666665,750,0
2472.222222222222,750,0
2527.777777777778,750,0
2583.3333333333335,750,0
2638.8888888888887,750,0
2694.4444444444443,750,0
2750,750,0
2805.5555555555557,750,0
2861.1111111111113,750,0
2916.6666666666665,750,0
2972.2222222222226,750,0
27.77777777777778,805.5555555555557,0
83.33333333333334,805.5555555555557,0
138.88888888888889,805.5555555555557,0
194.44444444444443,805.5555555555557,0
250,805.5555555555557,0
305.55555555555554,805.5555555555557,0
361.1111111111111,805.5555555555557,0
416.6666666666667,805.5555555555557,0
472.2222222222222,805.5555555555557,0
527.7777777777778,805.5555555555557,0
583.3333333333333,805.5555555555557,0
638.8888888888889,805.5555555555557,0
694.4444444444443,805.5555555555557,0
750,805.5555555555557,0.0018494347111836305
805.5555555555557,805.5555555555557,0.004032052810735718
861.1111111111112,805.5555555555557,0.006050503125561203
916.6666666666667,805.5555555555557,0.007871736681614045
972.2222222222222,805.5555555555557,0.009470105131546737
1027.7777777777778,805.5555555555557,0.010835665156746374
1083.3333333333335,805.5555555555557,0.012351343500808132
1138.888888888889,805.5555555555557,0.013691620280711352
1194.4444444444443,805.5555555555557,0.01476531502027722
1250,805.5555555555557,0.015583228607078912
1305.5555555555557,805.5555555555557,0.016156042696528834
1361.111111111111,805.5555555555557,0.01649452561255587
1416.6666666666665,805.5555555555557,0.017207671392737788
1472.2222222222222,805.5555555555557,0.018633693965685923
1527.7777777777778,805.5555555555557,0.020436408533887385
1583.3333333333335,805.5555555555557,0.02245294088396323
1638.888888888889,805.5555555555557,0.8999980949523031
1694.4444444444446,805.5555555555557,0.8999999999999997
1750,805.5555555555557,0.8999999999999997
1805.5555555555557,805.5555555555557,0.8999999999999997
1861.111111111111,805.5555555555557,0.8999999999999997
1916.6666666666665,805.5555555555557,0.8999999999999997
1972.2222222222222,805.5555555555557,0.8999999999999997
2027.7777777777778,805.5555555555557,0.8999999999999997
2083.3333333333335,805.5555555555557,0.09307978468839408
2138.8888888888887,805.5555555555557,0.0017433354710687636
2194.4444444444443,805.5555555555557,0
2250,805.5555555555557,0
2305.5555555555557,805.5555555555557,0
2361.1111111111113,805.5555555555557,0
2416.6666666666665,805.5555555555557,0
2472.222222222222,805.5555555555557,0
2527.777777777778,805.5555555555557,0
2583.3333333333335,805.5555555555557,0
2638.8888888888887,805.5555555555557,0
2694.4444444444443,805.5555555555557,0
2750,805.5555555555557,0
2805.5555555555557,805.5555555555557,0
2861.1111111111113,805.5555555555557,0
2916.6666666666665,805.5555555555557,0
2972.2222222222226,805.5555555555557,0
27.77777777777778,861.1111111111111,0
83.33333333333334,861.1111111111111,0
138.88888888888889,861.1111111111111,0
194.44444444444443,861.1111111111111,0
250,861.1111111111111,0
305.55555555555554,861.1111111111111,0
361.1111111111111,861.1111111111111,0
416.6666666666667,861.1111111111111,0
472.2222222222222,861.1111111111111,0
527.7777777777778,861.1111111111111,0
583.3333333333333,861.1111111111111,0
638.8888888888889,861.1111111111111,0
694.4444444444443,861.1111111111111,0
750,861.1111111111111,0.00034222764984527884
805.5555555555557,861.1111111111111,0.0026921567122293075
861.1111111111112,861.1111111111111,0.004916419549453206
916.6666666666667,861.1111111111111,0.006923753531317544
972.2222222222222,861.1111111111111,0.00868759553476533
1027.7777777777778,861.1111111111111,0.01020664698941561
1083.3333333333335,861.1111111111111,0.011910064280342044
1138.888888888889,861.1111111111111,0.01337207023445762
1194.4444444444443,861.1111111111111,0.0146333075047677
1250,861.1111111111111,0.01673921481453832
1305.5555555555557,861.1111111111111,0.019019142289549554
1361.111111111111,861.1111111111111,0.021861353267817164
1416.6666666666665,861.1111111111111,0.024835873405109645
1472.2222222222222,861.1111111111111,0.02871011113399352
1527.7777777777778,861.1111111111111,0.7730024989914794
1583.3333333333335,861.1111111111111,0.8999999999999997
1638.888888888889,861.1111111111111,0.8999999999999997
1694.4444444444446,861.1111111111111,0.8999999999999997
1750,861.1111111111111,0.8999999999999997
1805.5555555555557,861.1111111111111,0.8999999999999997
1861.111111111111,861.1111111111111,0.8999999999999997
1916.6666666666665,861.1111111111111,0.8999999999999997
1972.2222222222222,861.1111111111111,0.655612542848693
2027.7777777777778,861.1111111111111,0.024469657000388584
2083.3333333333335,861.1111111111111,0.0053065634514014096
2138.8888888888887,861.1111111111111,0
2194.4444444444443,861.1111111111111,0
2250,861.1111111111111,0
2305.5555555555557,861.1111111111111,0
2361.1111111111113,861.1111111111111,0
2416.6666666666665,861.1111111111111,0
2472.222222222222,861.1111111111111,0
2527.777777777778,861.1111111111111,0
2583.3333333333335,861.1111111111111,0
2638.8888888888887,861.1111111111111,0
2694.4444444444443,861.1111111111111,0
2750,861.1111111111111,0
2805.5555555555557,861.1111111111111,0
2861.1111111111113,861.1111111111111,0
2916.6666666666665,861.1111111111111,0
2972.2222222222226,861.1111111111111,0
27.77777777777778,916.6666666666666,0
83.33333333333334,916.6666666666666,0
138.88888888888889,916.6666666666666,0
194.44444444444443,916.6666666666666,0
250,916.6666666666666,0
305.55555555555554,916.6666666666666,0
361.1111111111111,916.6666666666666,0
416.6666666666667,916.6666666666666,0
472.2222222222222,916.6666666666666,0
527.7777777777778,916.6666666666666,0
583.3333333333333,916.6666666666666,0
638.8888888888889,916.6666666666666,0
694.4444444444443,916.6666666666666,0
750,916.6666666666666,0
805.5555555555557,916.6666666666666,0.0011656863517030382
861.1111111111112,916.6666666666666,0.0036959219802479982
916.6666666666667,916.6666666666666,0.005889838055980969
972.2222222222222,916.6666666666666,0.007820840311715078
1027.7777777777778,916.6666666666666,0.009525746025178644
1083.3333333333335,916.6666666666666,0.011659341960844281
1138.888888888889,916.6666666666666,0.0149945254984844
1194.4444444444443,916.6666666666666,0.018697955081758227
1250,916.6666666666666,0.023030917973254003
1305.5555555555557,916.6666666666666,0.02729731209475517
1361.111111111111,916.6666666666666,0.03307930218403362
1416.6666666666665,916.6666666666666,0.6671704157991679
1472.2222222222222,916.6666666666666,0.8999999999999997
1527.7777777777778,916.6666666666666,0.8999999999999997
1583.3333333333335,916.6666666666666,0.8999999999999997
1638.888888888889,916.6666666666666,0.8999999999999997
1694.4444444444446,916.6666666666666,0.8999999999999997
1750,916.6666666666666,0.8999999999999997
1805.5555555555557,916.6666666666666,0.8999999999999997
1861.111111111111,916.6666666666666,0.8335870608876501
1916.6666666666665,916.6666666666666,0.04486445127631634
1972.2222222222222,916.6666666666666,0.019771421865627508
2027.7777777777778,916.6666666666666,0.0096999953764788
2083.3333333333335,916.6666666666666,0.0036611632075159773
2138.8888888888887,916.6666666666666,0
2194.4444444444443,916.6666666666666,0
2250,916.6666666666666,0
2305.5555555555557,916.6666666666666,0
2361.1111111111113,916.6666666666666,0
2416.6666666666665,916.6666666666666,0
2472.222222222222,916.6666666666666,0
2527.777777777778,916.6666666666666,0
2583.3333333333335,916.6666666666666,0
2638.8888888888887,916.6666666666666,0
2694.4444444444443,916.6666666666666,0
2750,916.6666666666666,0
2805.5555555555557,916.6666666666666,0
2861.1111111111113,916.6666666666666,0
2916.6666666666665,916.6666666666666,0
2972.2222222222226,916.6666666666666,0
27.77777777777778,972.2222222222222,0
83.33333333333334,972.2222222222222,0
138.88888888888889,972.2222222222222,0
194.44444444444443,972.2222222222222,0
250,972.2222222222222,0
305.55555555555554,972.2222222222222,0
361.1111111111111,972.2222222222222,0
416.6666666666667,972.2222222222222,0
472.2222222222222,972.2222222222222,0
527.7777777777778,972.2222222222222,0
583.3333333333333,972.2222222222222,0
638.8888888888889,972.2222222222222,0
694.4444444444443,972.2222222222222,0
750,972.2222222222222,0
805.5555555555557,972.2222222222222,0
861.1111111111112,972.2222222222222,0.0024004325980539407
916.6666666666667,972.2222222222222,0.004763452565768488
972.2222222222222,972.2222222222222,0.006854163705228052
1027.7777777777778,972.2222222222222,0.009933814992788179
1083.3333333333335,972.2222222222222,0.014653819816851765
1138.888888888889,972.2222222222222,0.020236679678150547
1194.4444444444443,972.2222222222222,0.026048094671578537
1250,972.2222222222222,0.034029483281918536
1305.5555555555557,972.2222222222222,0.14557691147385596
1361.111111111111,972.2222222222222,0.8999999999999997
1416.6666666666665,972.2222222222222,0.8999999999999997
1472.2222222222222,972.2222222222222,0.8999999999999997
1527.7777777777778,972.2222222222222,0.8999999999999997
1583.3333333333335,972.2222222222222,0.8999999999999997
1638.888888888889,972.2222222222222,0.8999999999999997
1694.4444444444446,972.2222222222222,0.8999999999999997
1750,972.2222222222222,0.8999999999999997
1805.5555555555557,972.2222222222222,0.051004297217121984
1861.111111111111,972.2222222222222,0.02990607566710027
1916.6666666666665,972.2222222222222,0.020089976511053594
1972.2222222222222,972.2222222222222,0.013105825132764893
2027.7777777777778,972.2222222222222,0.007228467536115328
2083.3333333333335,972.2222222222222,0.0035257495214572085
2138.8888888888887,972.2222222222222,0.0010335127713363697
2194.4444444444443,972.2222222222222,0
2250,972.2222222222222,0
2305.5555555555557,972.2222222222222,0
2361.1111111111113,972.2222222222222,0
2416.6666666666665,972.2222222222222,0
2472.222222222222,972.2222222222222,0
2527.777777777778,972.2222222222222,0
2583.3333333333335,972.2222222222222,0
2638.8888888888887,972.2222222222222,0
2694.4444444444443,972.2222222222222,0
2750,972.2222222222222,0
2805.5555555555557,972.2222222222222,0
2861.1111111111113,972.2222222222222,0
2916.6666666666665,972.2222222222222,0
2972.2222222222226,972.2222222222222,0
27.77777777777778,1027.7777777777778,0
83.33333333333334,1027.7777777777778,0
138.88888888888889,1027.7777777777778,0
194.44444444444443,1027.7777777777778,0
250,1027.7777777777778,0
305.55555555555554,1027.7777777777778,0
361.1111111111111,1027.7777777777778,0
416.6666666666667,1027.7777777777778,0
472.2222222222222,1027.7777777777778,0
527.7777777777778,1027.7777777777778,0
583.3333333333333,1027.7777777777778,0
638.8888888888889,1027.7777777777778,0
694.4444444444443,1027.7777777777778,0
750,1027.7777777777778,0
805.5555555555557,1027.7777777777778,0
861.1111111111112,1027.7777777777778,0.0010335127713403092
916.6666666666667,1027.7777777777778,0.003525749521457582
972.2222222222222,1027.7777777777778,0.0072284675361065955
1027.7777777777778,1027.7777777777778,0.013105825132748777
1083.3333333333335,1027.7777777777778,0.020089976511020294
1138.888888888889,1027.7777777777778,0.029906075667057556
1194.4444444444443,1027.7777777777778,0.051004297216896796
1250,1027.7777777777778,0.8999999999999997
1305.5555555555557,1027.7777777777778,0.8999999999999997
1361.111111111111,1027.7777777777778,0.8999999999999997
1416.6666666666665,1027.7777777777778,0.8999999999999997
1472.2222222222222,1027.7777777777778,0.8999999999999997
1527.7777777777778,1027.7777777777778,0.8999999999999997
1583.3333333333335,1027.7777777777778,0.8999999999999997
1638.888888888889,1027.7777777777778,0.8999999999999997
1694.4444444444446,1027.7777777777778,0.14557691148391316
1750,1027.7777777777778,0.03402948328192164
1805.5555555555557,1027.7777777777778,0.026048094671584397
1861.111111111111,1027.7777777777778,0.02023667967818198
1916.6666666666665,1027.7777777777778,0.014653819816879785
1972.2222222222222,1027.7777777777778,0.009933814992792547
2027.7777777777778,1027.7777777777778,0.006854163705223634
2083.3333333333335,1027.7777777777778,0.0047634525657630315
2138.8888888888887,1027.7777777777778,0.0024004325980471206
2194.4444444444443,1027.7777777777778,0
2250,1027.7777777777778,0
2305.5555555555557,1027.7777777777778,0
2361.1111111111113,1027.7777777777778,0
2416.6666666666665,1027.7777777777778,0
2472.222222222222,1027.7777777777778,0
2527.777777777778,1027.7777777777778,0
2583.3333333333335,1027.7777777777778,0
2638.8888888888887,1027.7777777777778,0
2694.4444444444443,1027.7777777777778,0
2750,1027.7777777777778,0
2805.5555555555557,1027.7777777777778,0
2861.1111111111113,1027.7777777777778,0
2916.6666666666665,1027.7777777777778,0
2972.2222222222226,1027.7777777777778,0
27.77777777777778,1083.3333333333335,0
83.33333333333334,1083.3333333333335,0
138.88888888888889,1083.3333333333335,0
194.44444444444443,1083.3333333333335,0
250,1083.3333333333335,0
305.55555555555554,1083.3333333333335,0
361.1111111111111,1083.3333333333335,0
416.6666666666667,1083.3333333333335,0
472.2222222222222,1083.3333333333335,0
527.7777777777778,1083.3333333333335,0
583.3333333333333,1083.3333333333335,0
638.8888888888889,1083.3333333333335,0
694.4444444444443,1083.3333333333335,0
750,1083.3333333333335,0
805.5555555555557,1083.3333333333335,0
861.1111111111112,1083.3333333333335,0
916.6666666666667,1083.3333333333335,0.0036611632075183808
972.2222222222222,1083.3333333333335,0.00969999537647336
1027.7777777777778,1083.3333333333335,0.019771421865592328
1083.3333333333335,1083.3333333333335,0.0448644512760027
1138.888888888889,1083.3333333333335,0.833587060881396
1194.4444444444443,1083.3333333333335,0.8999999999999997
1250,1083.3333333333335,0.8999999999999997
1305.5555555555557,1083.3333333333335,0.8999999999999997
1361.111111111111,1083.3333333333335,0.8999999999999997
1416.6666666666665,1083.3333333333335,0.8999999999999997
1472.2222222222222,1083.3333333333335,0.8999999999999997
1527.7777777777778,1083.3333333333335,0.8999999999999997
1583.3333333333335,1083.3333333333335,0.6671704158014004
1638.888888888889,1083.3333333333335,0.03307930218408214
1694.4444444444446,1083.3333333333335,0.027297312094780576
1750,1083.3333333333335,0.023030917973271284
1805.5555555555557,1083.3333333333335,0.018697955081778534
1861.111111111111,1083.3333333333335,0.014994525498496681
1916.6666666666665,1083.3333333333335,0.011659341960846992
1972.2222222222222,1083.3333333333335,0.00952574602517525
2027.7777777777778,1083.3333333333335,0.007820840311706857
2083.3333333333335,1083.3333333333335,0.005889838055975837
2138.8888888888887,1083.3333333333335,0.003695921980243753
2194.4444444444443,1083.3333333333335,0.001165686351700719
2250,1083.3333333333335,0
2305.5555555555557,1083.3333333333335,0
2361.1111111111113,1083.3333333333335,0
2416.6666666666665,1083.3333333333335,0
2472.222222222222,1083.3333333333335,0
2527.777777777778,1083.3333333333335,0
2583.3333333333335,1083.3333333333335,0
2638.8888888888887,1083.3333333333335,0
2694.4444444444443,1083.3333333333335,0
2750,1083.3333333333335,0
2805.5555555555557,1083.3333333333335,0
2861.1111111111113,1083.3333333333335,0
2916.6666666666665,1083.3333333333335,0
2972.2222222222226,1083.3333333333335,0
27.77777777777778,1138.888888888889,0
83.33333333333334,1138.888888888889,0
138.88888888888889,1138.888888888889,0
194.44444444444443,1138.888888888889,0
250,1138.888888888889,0
305.55555555555554,1138.888888888889,0
361.1111111111111,1138.888888888889,0
416.6666666666667,1138.888888888889,0
472.2222222222222,1138.888888888889,0
527.7777777777778,1138.888888888889,0
583.3333333333333,1138.888888888889,0
638.8888888888889,1138.888888888889,0
694.4444444444443,1138.888888888889,0
750,1138.888888888889,0
805.5555555555557,1138.888888888889,0
861.1111111111112,1138.888888888889,0
916.6666666666667,1138.888888888889,0.005306563451381151
972.2222222222222,1138.888888888889,0.02446965700021315
1027.7777777777778,1138.888888888889,0.6556125428461224
1083.3333333333335,1138.888888888889,0.8999999999999997
1138.888888888889,1138.888888888889,0.8999999999999997
1194.4444444444443,1138.888888888889,0.8999999999999997
1250,1138.888888888889,0.8999999999999997
1305.5555555555557,1138.888888888889,0.8999999999999997
1361.111111111111,1138.888888888889,0.8999999999999997
1416.6666666666665,1138.888888888889,0.8999999999999997
1472.2222222222222,1138.888888888889,0.773002498994994
1527.7777777777778,1138.888888888889,0.028710111134062317
1583.3333333333335,1138.888888888889,0.02483587340514262
1638.888888888889,1138.888888888889,0.021861353267842908
1694.4444444444446,1138.888888888889,0.01901914228958274
1750,1138.888888888889,0.016739214814535948
1805.5555555555557,1138.888888888889,0.014633307504756549
1861.111111111111,1138.888888888889,0.013372070234452674
1916.6666666666665,1138.888888888889,0.01191006428033703
1972.2222222222222,1138.888888888889,0.01020664698940797
2027.7777777777778,1138.888888888889,0.008687595534758133
2083.3333333333335,1138.888888888889,0.006923753531309818
2138.8888888888887,1138.888888888889,0.004916419549449965
2194.4444444444443,1138.888888888889,0.00269215671222733
2250,1138.888888888889,0.0003422276498422432
2305.5555555555557,1138.888888888889,0
2361.1111111111113,1138.888888888889,0
2416.6666666666665,1138.888888888889,0
2472.222222222222,1138.888888888889,0
2527.777777777778,1138.888888888889,0
2583.3333333333335,1138.888888888889,0
2638.8888888888887,1138.888888888889,0
2694.4444444444443,1138.888888888889,0
2750,1138.888888888889,0
2805.5555555555557,1138.888888888889,0
2861.1111111111113,1138.888888888889,0
2916.6666666666665,1138.888888888889,0
2972.2222222222226,1138.888888888889,0
27.77777777777778,1194.4444444444443,0
83.33333333333334,1194.4444444444443,0
138.88888888888889,1194.4444444444443,0
194.44444444444443,1194.4444444444443,0
250,1194.4444444444443,0
305.55555555555554,1194.4444444444443,0
361.1111111111111,1194.4444444444443,0
416.6666666666667,1194.4444444444443,0
472.2222222222222,1194.4444444444443,0
527.7777777777778,1194.4444444444443,0
583.3333333333333,1194.4444444444443,0
638.8888888888889,1194.4444444444443,0
694.4444444444443,1194.4444444444443,0
750,1194.4444444444443,0
805.5555555555557,1194.4444444444443,0
861.1111111111112,1194.4444444444443,0.0017433354709581236
916.6666666666667,1194.4444444444443,0.09307978468767429
972.2222222222222,1194.4444444444443,0.8999999999999997
1027.7777777777778,1194.4444444444443,0.8999999999999997
1083.3333333333335,1194.4444444444443,0.8999999999999997
1138.888888888889,1194.4444444444443,0.8999999999999997
1194.4444444444443,1194.4444444444443,0.8999999999999997
1250,1194.4444444444443,0.8999999999999997
1305.5555555555557,1194.4444444444443,0.8999999999999997
1361.111111111111,1194.4444444444443,0.8999980949523058
1416.6666666666665,1194.4444444444443,0.02245294088399282
1472.2222222222222,1194.4444444444443,0.020436408533918933
1527.7777777777778,1194.4444444444443,0.018633693965719848
1583.3333333333335,1194.4444444444443,0.017207671392746184
1638.888888888889,1194.4444444444443,0.016494525612554337
1694.4444444444446,1194.4444444444443,0.016156042696524202
1750,1194.4444444444443,0.015583228607069998
1805.5555555555557,1194.4444444444443,0.014765315020266937
1861.111111111111,1194.4444444444443,0.01369162028070344
1916.6666666666665,1194.4444444444443,0.012351343500796244
1972.2222222222222,1194.4444444444443,0.010835665156735936
2027.7777777777778,1194.4444444444443,0.009470105131538894
2083.3333333333335,1194.4444444444443,0.007871736681607443
2138.8888888888887,1194.4444444444443,0.006050503125557041
2194.4444444444443,1194.4444444444443,0.004032052810731044
2250,1194.4444444444443,0.001849434711176502
2305.5555555555557,1194.4444444444443,0
2361.1111111111113,1194.4444444444443,0
2416.6666666666665,1194.4444444444443,0
2472.222222222222,1194.4444444444443,0
2527.777777777778,1194.4444444444443,0
2583.3333333333335,1194.4444444444443,0
2638.8888888888887,1194.4444444444443,0
2694.4444444444443,1194.4444444444443,0
2750,1194.4444444444443,0
2805.5555555555557,1194.4444444444443,0
2861.1111111111113,1194.4444444444443,0
2916.6666666666665,1194.4444444444443,0
2972.2222222222226,1194.4444444444443,0
27.77777777777778,1250,0
83.33333333333334,1250,0
138.88888888888889,1250,0
194.44444444444443,1250,0
250,1250,0
305.55555555555554,1250,0
361.1111111111111,1250,0
416.6666666666667,1250,0
472.2222222222222,1250,0
527.7777777777778,1250,0
583.3333333333333,1250,0
638.8888888888889,1250,0
694.4444444444443,1250,0
750,1250,0
805.5555555555557,1250,0.0529099366115851
861.1111111111112,1250,0.7109681729466467
916.6666666666667,1250,0.8999999999999997
972.2222222222222,1250,0.8999999999999997
1027.7777777777778,1250,0.8999999999999997
1083.3333333333335,1250,0.8999999999999997
1138.888888888889,1250,0.8999999999999997
1194.4444444444443,1250,0.8999999999999997
1250,1250,0.8999999999999997
1305.5555555555557,1250,0.06004553616356807
1361.111111111111,1250,0.015260119353947372
1416.6666666666665,1250,0.015052533810939501
1472.2222222222222,1250,0.015684546723980924
1527.7777777777778,1250,0.01610765579086204
1583.3333333333335,1250,0.01631744563411069
1638.888888888889,1250,0.016311103694952415
1694.4444444444446,1250,0.016081991220445357
1750,1250,0.015621124111660169
1805.5555555555557,1250,0.014919308253363515
1861.111111111111,1250,0.013967174590370057
1916.6666666666665,1250,0.01275596938675708
1972.2222222222222,1250,0.011397445575716203
2027.7777777777778,1250,0.010189229240758517
2083.3333333333335,1250,0.008757189047421324
2138.8888888888887,1250,0.007113191834303631
2194.4444444444443,1250,0.005290760682232133
2250,1250,0.003335724456759782
2305.5555555555557,1250,0.0012441155488970364
2361.1111111111113,1250,0
2416.6666666666665,1250,0
2472.222222222222,1250,0
2527.777777777778,1250,0
2583.3333333333335,1250,0
2638.8888888888887,1250,0
2694.4444444444443,1250,0
2750,1250,0
2805.5555555555557,1250,0
2861.1111111111113,1250,0
2916.6666666666665,1250,0
2972.2222222222226,1250,0
27.77777777777778,1305.5555555555554,0
83.33333333333334,1305.5555555555554,0
138.88888888888889,1305.5555555555554,0
194.44444444444443,1305.5555555555554,0
250,1305.5555555555554,0
305.55555555555554,1305.5555555555554,0
361.1111111111111,1305.5555555555554,0
416.6666666666667,1305.5555555555554,0
472.2222222222222,1305.5555555555554,0
527.7777777777778,1305.5555555555554,0
583.3333333333333,1305.5555555555554,0
638.8888888888889,1305.5555555555554,0
694.4444444444443,1305.5555555555554,0.0296874772153794
750,1305.5555555555554,0.15607839667366583
805.5555555555557,1305.5555555555554,0.8999999999999997
861.1111111111112,1305.5555555555554,0.8999999999999997
916.6666666666667,1305.5555555555554,0.8999999999999997
972.2222222222222,1305.5555555555554,0.8999999999999997
1027.7777777777778,1305.5555555555554,0.8999999999999997
1083.3333333333335,1305.5555555555554,0.8999999999999997
1138.888888888889,1305.5555555555554,0.8999999999999997
1194.4444444444443,1305.5555555555554,0.6343025944057462
1250,1305.5555555555554,0.010798702733716048
1305.5555555555557,1305.5555555555554,0.012227064079090062
1361.111111111111,1305.5555555555554,0.013410422574357858
1416.6666666666665,1305.5555555555554,0.014368451853699922
1472.2222222222222,1305.5555555555554,0.01511069738804197
1527.7777777777778,1305.5555555555554,0.015643312917753976
1583.3333333333335,1305.5555555555554,0.01596647546093438
1638.888888888889,1305.5555555555554,0.01607637168082362
1694.4444444444446,1305.5555555555554,0.01596573787319266
1750,1305.5555555555554,0.015626529798911725
1805.5555555555557,1305.5555555555554,0.015050467589530532
1861.111111111111,1305.5555555555554,0.014229922040686464
1916.6666666666665,1305.5555555555554,0.013157963223564514
1972.2222222222222,1305.5555555555554,0.011912218806892184
2027.7777777777778,1305.5555555555554,0.010869789403432471
2083.3333333333335,1305.5555555555554,0.009610466464583614
2138.8888888888887,1305.5555555555554,0.008146642253453257
2194.4444444444443,1305.5555555555554,0.00651465357294774
2250,1305.5555555555554,0.0047648864767258345
2305.5555555555557,1305.5555555555554,0.0029657497738524905
2361.1111111111113,1305.5555555555554,0.0012175662270181192
2416.6666666666665,1305.5555555555554,0
2472.222222222222,1305.5555555555554,0
2527.777777777778,1305.5555555555554,0.018419799590591777
2583.3333333333335,1305.5555555555554,0
2638.8888888888887,1305.5555555555554,0
2694.4444444444443,1305.5555555555554,0
2750,1305.5555555555554,0
2805.5555555555557,1305.5555555555554,0
2861.1111111111113,1305.5555555555554,0
2916.6666666666665,1305.5555555555554,0
2972.2222222222226,1305.5555555555554,0
27.77777777777778,1361.111111111111,0
83.33333333333334,1361.111111111111,0
138.88888888888889,1361.111111111111,0
194.44444444444443,1361.111111111111,0
250,1361.111111111111,0
305.55555555555554,1361.111111111111,0
361.1111111111111,1361.111111111111,0
416.6666666666667,1361.111111111111,0
472.2222222222222,1361.111111111111,0
527.7777777777778,1361.111111111111,0
583.3333333333333,1361.111111111111,0.004886954615239047
638.8888888888889,1361.111111111111,0.09222508221393977
694.4444444444443,1361.111111111111,0.7045083284361326
750,1361.111111111111,0.8999999999999997
805.5555555555557,1361.111111111111,0.8999999999999997
861.1111111111112,1361.111111111111,0.8999999999999997
916.6666666666667,1361.111111111111,0.8999999999999997
972.2222222222222,1361.111111111111,0.8999999999999997
1027.7777777777778,1361.111111111111,0.8999999999999997
1083.3333333333335,1361.111111111111,0.79348179396048
1138.888888888889,1361.111111111111,0.005848960677454822
1194.4444444444443,1361.111111111111,0.007932982372618476
1250,1361.111111111111,0.009726750923373901
1305.5555555555557,1361.111111111111,0.011258922948384204
1361.111111111111,1361.111111111111,0.012552614662754917
1416.6666666666665,1361.111111111111,0.013623341721243543
1472.2222222222222,1361.111111111111,0.014481762253169056
1527.7777777777778,1361.111111111111,0.015134163663767018
1583.3333333333335,1361.111111111111,0.015580630643599583
1638.888888888889,1361.111111111111,0.015816681275540256
1694.4444444444446,1361.111111111111,0.015835201956528024
1750,1361.111111111111,0.015628205207806802
1805.5555555555557,1361.111111111111,0.015188794918060676
1861.111111111111,1361.111111111111,0.014511389739445234
1916.6666666666665,1361.111111111111,0.01359120136201855
1972.2222222222222,1361.111111111111,0.012424342035512678
2027.7777777777778,1361.111111111111,0.011531613812837568
2083.3333333333335,1361.111111111111,0.01045733726048081
2138.8888888888887,1361.111111111111,0.009184381083363575
2194.4444444444443,1361.111111111111,0.007762072087371283
2250,1361.111111111111,0.006241376991129258
2305.5555555555557,1361.111111111111,0.004660242386130578
2361.1111111111113,1361.111111111111,0.0030121106160839175
2416.6666666666665,1361.111111111111,0.001875724317717851
2472.222222222222,1361.111111111111,0.0014404624648029082
2527.777777777778,1361.111111111111,0.11634859674528907
2583.3333333333335,1361.111111111111,0
2638.8888888888887,1361.111111111111,0
2694.4444444444443,1361.111111111111,0
2750,1361.111111111111,0
2805.5555555555557,1361.111111111111,0
2861.1111111111113,1361.111111111111,0
2916.6666666666665,1361.111111111111,0
2972.2222222222226,1361.111111111111,0
27.77777777777778,1416.6666666666667,0
83.33333333333334,1416.6666666666667,0
138.88888888888889,1416.6666666666667,0
194.44444444444443,1416.6666666666667,0
250,1416.6666666666667,0
305.55555555555554,1416.6666666666667,0
361.1111111111111,1416.6666666666667,0
416.6666666666667,1416.6666666666667,0
472.2222222222222,1416.6666666666667,0
527.7777777777778,1416.6666666666667,0.035664711140225666
583.3333333333333,1416.6666666666667,0.16458983017590523
638.8888888888889,1416.6666666666667,0.8999999999999997
694.4444444444443,1416.6666666666667,0.8999999999999997
750,1416.6666666666667,0.8999999999999997
805.5555555555557,1416.6666666666667,0.8999999999999997
861.1111111111112,1416.6666666666667,0.8999999999999997
916.6666666666667,1416.6666666666667,0.8999999999999997
972.2222222222222,1416.6666666666667,0.8999999999999997
1027.7777777777778,1416.6666666666667,0
1083.3333333333335,1416.6666666666667,0.0020062471982211882
1138.888888888889,1416.6666666666667,0.004516218900341464
1194.4444444444443,1416.6666666666667,0.006705624188114705
1250,1416.6666666666667,0.008595615462236745
1305.5555555555557,1416.6666666666667,0.01023854877521545
1361.111111111111,1416.6666666666667,0.011650054159972329
1416.6666666666665,1416.6666666666667,0.012842154024819195
1472.2222222222222,1416.6666666666667,0.01382607387081384
1527.7777777777778,1416.6666666666667,0.014607835430613015
1583.3333333333335,1416.6666666666667,0.015187800785648504
1638.888888888889,1416.6666666666667,0.01556119800491116
1694.4444444444446,1416.6666666666667,0.01572010192629633
1750,1416.6666666666667,0.015656627337613412
1805.5555555555557,1416.6666666666667,0.015365188982738509
1861.111111111111,1416.6666666666667,0.014842756963100782
1916.6666666666665,1416.6666666666667,0.014087360836030332
1972.2222222222222,1416.6666666666667,0.013096942043867016
2027.7777777777778,1416.6666666666667,0.012183817472067381
2083.3333333333335,1416.6666666666667,0.011305716852190456
2138.8888888888887,1416.6666666666667,0.01023218087312746
2194.4444444444443,1416.6666666666667,0.009044252881980241
2250,1416.6666666666667,0.007824479975911179
2305.5555555555557,1416.6666666666667,0.006622013405757064
2361.1111111111113,1416.6666666666667,0.005521629822034762
2416.6666666666665,1416.6666666666667,0.004954473430959079
2472.222222222222,1416.6666666666667,0.00573270276013499
2527.777777777778,1416.6666666666667,0.26643930814155325
2583.3333333333335,1416.6666666666667,0
2638.8888888888887,1416.6666666666667,0
2694.4444444444443,1416.6666666666667,0
2750,1416.6666666666667,0
2805.5555555555557,1416.6666666666667,0
2861.1111111111113,1416.6666666666667,0
2916.6666666666665,1416.6666666666667,0
2972.2222222222226,1416.6666666666667,0
27.77777777777778,1472.2222222222222,0
83.33333333333334,1472.2222222222222,0
138.88888888888889,1472.2222222222222,0
194.44444444444443,1472.2222222222222,0
250,1472.2222222222222,0
305.55555555555554,1472.2222222222222,0
361.1111111111111,1472.2222222222222,0
416.6666666666667,1472.2222222222222,0
472.2222222222222,1472.2222222222222,0.06613711037777258
527.7777777777778,1472.2222222222222,0.25817046867566457
583.3333333333333,1472.2222222222222,0.8999999999999997
638.8888888888889,1472.2222222222222,0.8999999999999997
694.4444444444443,1472.2222222222222,0.8999999999999997
750,1472.2222222222222,0.8999999999999997
805.5555555555557,1472.2222222222222,0.8999999999999997
861.1111111111112,1472.2222222222222,0.8999999999999997
916.6666666666667,1472.2222222222222,0.687293388574507
972.2222222222222,1472.2222222222222,0
1027.7777777777778,1472.2222222222222,0
1083.3333333333335,1472.2222222222222,0.0005424302553751031
1138.888888888889,1472.2222222222222,0.0031477320462182825
1194.4444444444443,1472.2222222222222,0.005433638347621899
1250,1472.2222222222222,0.0074213990984385225
1305.5555555555557,1472.2222222222222,0.009188326389580252
1361.111111111111,1472.2222222222222,0.010729722913390864
1416.6666666666665,1472.2222222222222,0.012053695047047303
1472.2222222222222,1472.2222222222222,0.013172758809899635
1527.7777777777778,1472.2222222222222,0.01409348022512179
1583.3333333333335,1472.2222222222222,0.014817498561761433
1638.888888888889,1472.2222222222222,0.015339968282991112
1694.4444444444446,1472.2222222222222,0.01565166348475029
1750,1472.2222222222222,0.015743984594473428
1805.5555555555557,1472.2222222222222,0.015612816911550987
1861.111111111111,1472.2222222222222,0.01525806335868626
1916.6666666666665,1472.2222222222222,0.014680524575839413
1972.2222222222222,1472.2222222222222,0.013878912130042838
2027.7777777777778,1472.2222222222222,0.012852924803550792
2083.3333333333335,1472.2222222222222,0.012152712517227724
2138.8888888888887,1472.2222222222222,0.011236473311618886
2194.4444444444443,1472.2222222222222,0.010284435625065062
2250,1472.2222222222222,0.009390301712666175
2305.5555555555557,1472.2222222222222,0.00862125293358753
2361.1111111111113,1472.2222222222222,0.008242857787049937
2416.6666666666665,1472.2222222222222,0.00885127549133766
2472.222222222222,1472.2222222222222,0.014888399421326165
2527.777777777778,1472.2222222222222,0.4630123591149935
2583.3333333333335,1472.2222222222222,0
2638.8888888888887,1472.2222222222222,0
2694.4444444444443,1472.2222222222222,0
2750,1472.2222222222222,0
2805.5555555555557,1472.2222222222222,0
2861.1111111111113,1472.2222222222222,0
2916.6666666666665,1472.2222222222222,0
2972.2222222222226,1472.2222222222222,0
27.77777777777778,1527.7777777777778,0
83.33333333333334,1527.7777777777778,0
138.88888888888889,1527.7777777777778,0
194.44444444444443,1527.7777777777778,0
250,1527.7777777777778,0
305.55555555555554,1527.7777777777778,0
361.1111111111111,1527.7777777777778,0
416.6666666666667,1527.7777777777778,0
472.2222222222222,1527.7777777777778,0.33732273316520406
527.7777777777778,1527.7777777777778,0.8999999999999997
583.3333333333333,1527.7777777777778,0.8999999999999997
638.8888888888889,1527.7777777777778,0.8999999999999997
694.4444444444443,1527.7777777777778,0.8999999999999997
750,1527.7777777777778,0.8999999999999997
805.5555555555557,1527.7777777777778,0.8999753842108283
861.1111111111112,1527.7777777777778,0.0353330183773591
916.6666666666667,1527.7777777777778,0.0008007230809927534
972.2222222222222,1527.7777777777778,0
1027.7777777777778,1527.7777777777778,0
1083.3333333333335,1527.7777777777778,0
1138.888888888889,1527.7777777777778,0.001701608908071625
1194.4444444444443,1527.7777777777778,0.004140084571989528
1250,1527.7777777777778,0.006213813567986407
1305.5555555555557,1527.7777777777778,0.008145421372328418
1361.111111111111,1527.7777777777778,0.009824295902203203
1416.6666666666665,1527.7777777777778,0.01128854617760643
1472.2222222222222,1527.7777777777778,0.012551048313650476
1527.7777777777778,1527.7777777777778,0.013619280241841999
1583.3333333333335,1527.7777777777778,0.014497743493697557
1638.888888888889,1527.7777777777778,0.015181989403420457
1694.4444444444446,1527.7777777777778,0.015660311088548016
1750,1527.7777777777778,0.015922859525372007
1805.5555555555557,1527.7777777777778,0.015966737344593505
1861.111111111111,1527.7777777777778,0.01579639373780463
1916.6666666666665,1527.7777777777778,0.01541592039641202
1972.2222222222222,1527.7777777777778,0.014823255328909218
2027.7777777777778,1527.7777777777778,0.01401016907694091
2083.3333333333335,1527.7777777777778,0.013062100244094767
2138.8888888888887,1527.7777777777778,0.012386476766868834
2194.4444444444443,1527.7777777777778,0.011829558295882753
2250,1527.7777777777778,0.011403063484501718
2305.5555555555557,1527.7777777777778,0.011237501243140631
2361.1111111111113,1527.7777777777778,0.011822491943124744
2416.6666666666665,1527.7777777777778,0.014481551172370532
2472.222222222222,1527.7777777777778,0.029862712467194262
2527.777777777778,1527.7777777777778,0.6196063247843044
2583.3333333333335,1527.7777777777778,0
2638.8888888888887,1527.7777777777778,0
2694.4444444444443,1527.7777777777778,0
2750,1527.7777777777778,0
2805.5555555555557,1527.7777777777778,0
2861.1111111111113,1527.7777777777778,0
2916.6666666666665,1527.7777777777778,0
2972.2222222222226,1527.7777777777778,0
27.77777777777778,1583.3333333333335,0
83.33333333333334,1583.3333333333335,0
138.88888888888889,1583.3333333333335,0
194.44444444444443,1583.3333333333335,0
250,1583.3333333333335,0
305.55555555555554,1583.3333333333335,0
361.1111111111111,1583.3333333333335,0
416.6666666666667,1583.3333333333335,0
472.2222222222222,1583.3333333333335,0.8999999999999997
527.7777777777778,1583.3333333333335,0.8999999999999997
583.3333333333333,1583.3333333333335,0.8999999999999997
638.8888888888889,1583.3333333333335,0.8999999999999997
694.4444444444443,1583.3333333333335,0.8999999999999997
750,1583.3333333333335,0.41072185575369197
805.5555555555557,1583.3333333333335,0.020702385756665793
861.1111111111112,1583.3333333333335,0.00031992060865061934
916.6666666666667,1583.3333333333335,0
972.2222222222222,1583.3333333333335,0
1027.7777777777778,1583.3333333333335,0
1083.3333333333335,1583.3333333333335,0
1138.888888888889,1583.3333333333335,0.0005939905724071933
1194.4444444444443,1583.3333333333335,0.0029303928160185986
1250,1583.3333333333335,0.005147776211717075
1305.5555555555557,1583.3333333333335,0.0071719045534545086
1361.111111111111,1583.3333333333335,0.008964228519317632
1416.6666666666665,1583.3333333333335,0.010750491060267606
1472.2222222222222,1583.3333333333335,0.01228266950091975
1527.7777777777778,1583.3333333333335,0.013536217127393158
1583.3333333333335,1583.3333333333335,0.014528289012220795
1638.888888888889,1583.3333333333335,0.015256176576990884
1694.4444444444446,1583.3333333333335,0.015772106585313694
1750,1583.3333333333335,0.01622180768335376
1805.5555555555557,1583.3333333333335,0.016458562329374565
1861.111111111111,1583.3333333333335,0.01649423530573456
1916.6666666666665,1583.3333333333335,0.016339459836414456
1972.2222222222222,1583.3333333333335,0.015994735137647844
2027.7777777777778,1583.3333333333335,0.015451340904566005
2083.3333333333335,1583.3333333333335,0.01471844205418637
2138.8888888888887,1583.3333333333335,0.01388510947259685
2194.4444444444443,1583.3333333333335,0.013802063581170034
2250,1583.3333333333335,0.013907938388534437
2305.5555555555557,1583.3333333333335,0.014476168403507687
2361.1111111111113,1583.3333333333335,0.016362903010345174
2416.6666666666665,1583.3333333333335,0.02357670992685533
2472.222222222222,1583.3333333333335,0.09139998660254292
2527.777777777778,1583.3333333333335,0.6696286504992377
2583.3333333333335,1583.3333333333335,0
2638.8888888888887,1583.3333333333335,0
2694.4444444444443,1583.3333333333335,0
2750,1583.3333333333335,0
2805.5555555555557,1583.3333333333335,0
2861.1111111111113,1583.3333333333335,0
2916.6666666666665,1583.3333333333335,0
2972.2222222222226,1583.3333333333335,0
27.77777777777778,1638.888888888889,0
83.33333333333334,1638.888888888889,0
138.88888888888889,1638.888888888889,0
194.44444444444443,1638.888888888889,0
250,1638.888888888889,0
305.55555555555554,1638.888888888889,0
361.1111111111111,1638.888888888889,0
416.6666666666667,1638.888888888889,0
472.2222222222222,1638.888888888889,0.8999999999999997
527.7777777777778,1638.888888888889,0.8999999999999997
583.3333333333333,1638.888888888889,0.8999999999999997
638.8888888888889,1638.888888888889,0.8135455816170211
694.4444444444443,1638.888888888889,0.028118039356065355
750,1638.888888888889,0.001457723041856485
805.5555555555557,1638.888888888889,0
861.1111111111112,1638.888888888889,0
916.6666666666667,1638.888888888889,0
972.2222222222222,1638.888888888889,0
1027.7777777777778,1638.888888888889,0
1083.3333333333335,1638.888888888889,0
1138.888888888889,1638.888888888889,0
1194.4444444444443,1638.888888888889,0.001639216684401998
1250,1638.888888888889,0.004121138929971488
1305.5555555555557,1638.888888888889,0.006293229136390481
1361.111111111111,1638.888888888889,0.008583013394684997
1416.6666666666665,1638.888888888889,0.010614383302593051
1472.2222222222222,1638.888888888889,0.012327897897586182
1527.7777777777778,1638.888888888889,0.013767198830520294
1583.3333333333335,1638.888888888889,0.014980383967843588
1638.888888888889,1638.888888888889,0.01595081537627645
1694.4444444444446,1638.888888888889,0.016652744761441768
1750,1638.888888888889,0.017057900050002694
1805.5555555555557,1638.888888888889,0.017133480249652396
1861.111111111111,1638.888888888889,0.01736895743140909
1916.6666666666665,1638.888888888889,0.017468509545589043
1972.2222222222222,1638.888888888889,0.017406109033610548
2027.7777777777778,1638.888888888889,0.01717004517206135
2083.3333333333335,1638.888888888889,0.016801047947739445
2138.8888888888887,1638.888888888889,0.01641793866870228
2194.4444444444443,1638.888888888889,0.01628414486189972
2250,1638.888888888889,0.016648734684492954
2305.5555555555557,1638.888888888889,0.018203592087037403
2361.1111111111113,1638.888888888889,0.022598004796414013
2416.6666666666665,1638.888888888889,0.040773409820078446
2472.222222222222,1638.888888888889,0.4321561836452205
2527.777777777778,1638.888888888889,0.702950953786264
2583.3333333333335,1638.888888888889,0
2638.8888888888887,1638.888888888889,0
2694.4444444444443,1638.888888888889,0
2750,1638.888888888889,0
2805.5555555555557,1638.888888888889,0
2861.1111111111113,1638.888888888889,0
2916.6666666666665,1638.888888888889,0
2972.2222222222226,1638.888888888889,0
27.77777777777778,1694.4444444444443,0
83.33333333333334,1694.4444444444443,0
138.88888888888889,1694.4444444444443,0
194.44444444444443,1694.4444444444443,0
250,1694.4444444444443,0
305.55555555555554,1694.4444444444443,0
361.1111111111111,1694.4444444444443,0
416.6666666666667,1694.4444444444443,0
472.2222222222222,1694.4444444444443,0.8999999999999997
527.7777777777778,1694.4444444444443,0.8999999999999997
583.3333333333333,1694.4444444444443,0.7040864159950257
638.8888888888889,1694.4444444444443,0.0012341737413517021
694.4444444444443,1694.4444444444443,0
750,1694.4444444444443,0
805.5555555555557,1694.4444444444443,0
861.1111111111112,1694.4444444444443,0
916.6666666666667,1694.4444444444443,0
972.2222222222222,1694.4444444444443,0
1027.7777777777778,1694.4444444444443,0
1083.3333333333335,1694.4444444444443,0
1138.888888888889,1694.4444444444443,0
1194.4444444444443,1694.4444444444443,0.0009340473395287287
1250,1694.4444444444443,0.003291736925774307
1305.5555555555557,1694.4444444444443,0.005924948601021689
1361.111111111111,1694.4444444444443,0.00852174898282782
1416.6666666666665,1694.4444444444443,0.01080690456727979
1472.2222222222222,1694.4444444444443,0.01274029474713212
1527.7777777777778,1694.4444444444443,0.014434479999660337
1583.3333333333335,1694.4444444444443,0.015924639621909403
1638.888888888889,1694.4444444444443,0.01714966996609491
1694.4444444444446,1694.4444444444443,0.018075687949247292
1750,1694.4444444444443,0.018677722870446403
1805.5555555555557,1694.4444444444443,0.01896017567057025
1861.111111111111,1694.4444444444443,0.01901401363497401
1916.6666666666665,1694.4444444444443,0.018856666586707017
1972.2222222222222,1694.4444444444443,0.019026258943456067
2027.7777777777778,1694.4444444444443,0.01915972690248026
2083.3333333333335,1694.4444444444443,0.019241769468524374
2138.8888888888887,1694.4444444444443,0.01940763674308528
2194.4444444444443,1694.4444444444443,0.019874240290588017
2250,1694.4444444444443,0.020977237130612517
2305.5555555555557,1694.4444444444443,0.02423524602120507
2361.1111111111113,1694.4444444444443,0.03653421422170483
2416.6666666666665,1694.4444444444443,0.0892058389879503
2472.222222222222,1694.4444444444443,0.6995146392252287
2527.777777777778,1694.4444444444443,0.678178946732913
2583.3333333333335,1694.4444444444443,0
2638.8888888888887,1694.4444444444443,0
2694.4444444444443,1694.4444444444443,0
2750,1694.4444444444443,0
2805.5555555555557,1694.4444444444443,0
2861.1111111111113,1694.4444444444443,0
2916.6666666666665,1694.4444444444443,0
2972.2222222222226,1694.4444444444443,0
27.77777777777778,1750,0
83.33333333333334,1750,0
138.88888888888889,1750,0
194.44444444444443,1750,0
250,1750,0
305.55555555555554,1750,0
361.1111111111111,1750,0
416.6666666666667,1750,0
472.2222222222222,1750,0.8999999999999997
527.7777777777778,1750,0.8999999999999894
583.3333333333333,1750,0
638.8888888888889,1750,0
694.4444444444443,1750,0
750,1750,0
805.5555555555557,1750,0
861.1111111111112,1750,0
916.6666666666667,1750,0
972.2222222222222,1750,0
1027.7777777777778,1750,0
1083.3333333333335,1750,0
1138.888888888889,1750,0
1194.4444444444443,1750,0.0004080944803797307
1250,1750,0.0028347599478269893
1305.5555555555557,1750,0.005986013450993417
1361.111111111111,1750,0.009134077265372846
1416.6666666666665,1750,0.011784443061577245
1472.2222222222222,1750,0.014042670567714593
1527.7777777777778,1750,0.01606456035875579
1583.3333333333335,1750,0.01785513975266554
1638.888888888889,1750,0.019333176927946165
1694.4444444444446,1750,0.020481730410391984
1750,1750,0.021292367393652197
1805.5555555555557,1750,0.02178315871737554
1861.111111111111,1750,0.022043143338936828
1916.6666666666665,1750,0.022107697972773722
1972.2222222222222,1750,0.02204319556006639
2027.7777777777778,1750,0.021914485828580663
2083.3333333333335,1750,0.022383105955834193
2138.8888888888887,1750,0.02326772262964098
2194.4444444444443,1750,0.024706879669201896
2250,1750,0.02795086401648922
2305.5555555555557,1750,0.04020184264022182
2361.1111111111113,1750,0.0763559277361555
2416.6666666666665,1750,0.3844952067092877
2472.222222222222,1750,0.8320069800457123
2527.777777777778,1750,0.5673500770577051
2583.3333333333335,1750,0
2638.8888888888887,1750,0
2694.4444444444443,1750,0
2750,1750,0
2805.5555555555557,1750,0
2861.1111111111113,1750,0
2916.6666666666665,1750,0
2972.2222222222226,1750,0
27.77777777777778,1805.5555555555554,0
83.33333333333334,1805.5555555555554,0
138.88888888888889,1805.5555555555554,0
194.44444444444443,1805.5555555555554,0
250,1805.5555555555554,0
305.55555555555554,1805.5555555555554,0
361.1111111111111,1805.5555555555554,0
416.6666666666667,1805.5555555555554,0.12919225909143567
472.2222222222222,1805.5555555555554,0.8999999999999997
527.7777777777778,1805.5555555555554,0.6548014154816536
583.3333333333333,1805.5555555555554,0
638.8888888888889,1805.5555555555554,0
694.4444444444443,1805.5555555555554,0
750,1805.5555555555554,0
805.5555555555557,1805.5555555555554,0
861.1111111111112,1805.5555555555554,0
916.6666666666667,1805.5555555555554,0
972.2222222222222,1805.5555555555554,0
1027.7777777777778,1805.5555555555554,0
1083.3333333333335,1805.5555555555554,0
1138.888888888889,1805.5555555555554,0
1194.4444444444443,1805.5555555555554,0.00017891051209376201
1250,1805.5555555555554,0.003182311912036708
1305.5555555555557,1805.5555555555554,0.007114348200945028
1361.111111111111,1805.5555555555554,0.011267312570829002
1416.6666666666665,1805.5555555555554,0.014783329746512511
1472.2222222222222,1805.5555555555554,0.017822575017246885
1527.7777777777778,1805.5555555555554,0.02051408319302416
1583.3333333333335,1805.5555555555554,0.022813435263699226
1638.888888888889,1805.5555555555554,0.024598938340840888
1694.4444444444446,1805.5555555555554,0.025827817934398277
1750,1805.5555555555554,0.026472072254834722
1805.5555555555557,1805.5555555555554,0.026669563974080424
1861.111111111111,1805.5555555555554,0.02713414982644613
1916.6666666666665,1805.5555555555554,0.027505895261380267
1972.2222222222222,1805.5555555555554,0.02796409310841068
2027.7777777777778,1805.5555555555554,0.028727779353904147
2083.3333333333335,1805.5555555555554,0.029731040940573602
2138.8888888888887,1805.5555555555554,0.031905325245644635
2194.4444444444443,1805.5555555555554,0.03927584756032894
2250,1805.5555555555554,0.06012535582097706
2305.5555555555557,1805.5555555555554,0.10899661842159422
2361.1111111111113,1805.5555555555554,0.3614906712479356
2416.6666666666665,1805.5555555555554,0.7412726592118013
2472.222222222222,1805.5555555555554,0.8277415418715955
2527.777777777778,1805.5555555555554,0.22694747129122791
2583.3333333333335,1805.5555555555554,0
2638.8888888888887,1805.5555555555554,0
2694.4444444444443,1805.5555555555554,0
2750,1805.5555555555554,0
2805.5555555555557,1805.5555555555554,0
2861.1111111111113,1805.5555555555554,0
2916.6666666666665,1805.5555555555554,0
2972.2222222222226,1805.5555555555554,0
27.77777777777778,1861.111111111111,0
83.33333333333334,1861.111111111111,0
138.88888888888889,1861.111111111111,0
194.44444444444443,1861.111111111111,0
250,1861.111111111111,0
305.55555555555554,1861.111111111111,0.05950036295413982
361.1111111111111,1861.111111111111,0.6793175227128597
416.6666666666667,1861.111111111111,0.8999999999999997
472.2222222222222,1861.111111111111,0.8999999999999997
527.7777777777778,1861.111111111111,0.13915454575064118
583.3333333333333,1861.111111111111,0
638.8888888888889,1861.111111111111,0
694.4444444444443,1861.111111111111,0
750,1861.111111111111,0
805.5555555555557,1861.111111111111,0
861.1111111111112,1861.111111111111,0
916.6666666666667,1861.111111111111,0
972.2222222222222,1861.111111111111,0
1027.7777777777778,1861.111111111111,0
1083.3333333333335,1861.111111111111,0
1138.888888888889,1861.111111111111,0
1194.4444444444443,1861.111111111111,0.0008894492985629425
1250,1861.111111111111,0.0057215130341587445
1305.5555555555557,1861.111111111111,0.011836278557536162
1361.111111111111,1861.111111111111,0.017613760826299646
1416.6666666666665,1861.111111111111,0.022656465419440795
1472.2222222222222,1861.111111111111,0.026828888944703897
1527.7777777777778,1861.111111111111,0.030250820803615696
1583.3333333333335,1861.111111111111,0.03326213019079766
1638.888888888889,1861.111111111111,0.03547489574427091
1694.4444444444446,1861.111111111111,0.03690551865208001
1750,1861.111111111111,0.03767778756658706
1805.5555555555557,1861.111111111111,0.03821707562281485
1861.111111111111,1861.111111111111,0.03907395482881437
1916.6666666666665,1861.111111111111,0.040292581516426
1972.2222222222222,1861.111111111111,0.043380193999999886
2027.7777777777778,1861.111111111111,0.04979587156834759
2083.3333333333335,1861.111111111111,0.062321245275872426
2138.8888888888887,1861.111111111111,0.08876280009956251
2194.4444444444443,1861.111111111111,0.14273221825965296
2250,1861.111111111111,0.3573867104188638
2305.5555555555557,1861.111111111111,0.6492202217151433
2361.1111111111113,1861.111111111111,0.8285772430094636
2416.6666666666665,1861.111111111111,0.8905524170778383
2472.222222222222,1861.111111111111,0.6914601242288425
2527.777777777778,1861.111111111111,0.2182971280495272
2583.3333333333335,1861.111111111111,0
2638.8888888888887,1861.111111111111,0
2694.4444444444443,1861.111111111111,0
2750,1861.111111111111,0
2805.5555555555557,1861.111111111111,0
2861.1111111111113,1861.111111111111,0
2916.6666666666665,1861.111111111111,0
2972.2222222222226,1861.111111111111,0
27.77777777777778,1916.6666666666667,0
83.33333333333334,1916.6666666666667,0
138.88888888888889,1916.6666666666667,0
194.44444444444443,1916.6666666666667,0
250,1916.6666666666667,0
305.55555555555554,1916.6666666666667,0
361.1111111111111,1916.6666666666667,0
416.6666666666667,1916.6666666666667,0
472.2222222222222,1916.6666666666667,0.8999898883893758
527.7777777777778,1916.6666666666667,0
583.3333333333333,1916.6666666666667,0
638.8888888888889,1916.6666666666667,0
694.4444444444443,1916.6666666666667,0
750,1916.6666666666667,0
805.5555555555557,1916.6666666666667,0
861.1111111111112,1916.6666666666667,0
916.6666666666667,1916.6666666666667,0
972.2222222222222,1916.6666666666667,0
1027.7777777777778,1916.6666666666667,0
1083.3333333333335,1916.6666666666667,0
1138.888888888889,1916.6666666666667,0.0017755793141520256
1194.4444444444443,1916.6666666666667,0.010801801789602243
1250,1916.6666666666667,0.023139495654929048
1305.5555555555557,1916.6666666666667,0.03437149762126275
1361.111111111111,1916.6666666666667,0.04327442785500091
1416.6666666666665,1916.6666666666667,0.0496778702666255
1472.2222222222222,1916.6666666666667,0.05478258603853012
1527.7777777777778,1916.6666666666667,0.05917804880224191
1583.3333333333335,1916.6666666666667,0.06263144391383761
1638.888888888889,1916.6666666666667,0.06517897733985713
1694.4444444444446,1916.6666666666667,0.0680023430619089
1750,1916.6666666666667,0.07225871699972455
1805.5555555555557,1916.6666666666667,0.07958569975212582
1861.111111111111,1916.6666666666667,0.14106665479213001
1916.6666666666665,1916.6666666666667,0.41727067661189127
1972.2222222222222,1916.6666666666667,0.6671192686247981
2027.7777777777778,1916.6666666666667,0.8055933743357035
2083.3333333333335,1916.6666666666667,0.8999999999999997
2138.8888888888887,1916.6666666666667,0.8999999999999997
2194.4444444444443,1916.6666666666667,0.8999999999999997
2250,1916.6666666666667,0.8999999999999997
2305.5555555555557,1916.6666666666667,0.8999999999999997
2361.1111111111113,1916.6666666666667,0.8999999999999997
2416.6666666666665,1916.6666666666667,0.7428625868325155
2472.222222222222,1916.6666666666667,0.35346204897478184
2527.777777777778,1916.6666666666667,0.18793584795800938
2583.3333333333335,1916.6666666666667,0
2638.8888888888887,1916.6666666666667,0
2694.4444444444443,1916.6666666666667,0
2750,1916.6666666666667,0
2805.5555555555557,1916.6666666666667,0
2861.1111111111113,1916.6666666666667,0
2916.6666666666665,1916.6666666666667,0
2972.2222222222226,1916.6666666666667,0
27.77777777777778,1972.2222222222222,0
83.33333333333334,1972.2222222222222,0.05675371462473511
138.88888888888889,1972.2222222222222,0.6217842205200809
194.44444444444443,1972.2222222222222,0.7873239846934111
250,1972.2222222222222,0.8999999999999997
305.55555555555554,1972.2222222222222,0.8999999999999997
361.1111111111111,1972.2222222222222,0.8999999999999997
416.6666666666667,1972.2222222222222,0.8999999999999997
472.2222222222222,1972.2222222222222,0.8999999999999997
527.7777777777778,1972.2222222222222,0.8999999999999997
583.3333333333333,1972.2222222222222,0.8999999999999997
638.8888888888889,1972.2222222222222,0.8999999999999997
694.4444444444443,1972.2222222222222,0.8999999999999997
750,1972.2222222222222,0.8999999999999997
805.5555555555557,1972.2222222222222,0.8999999999999997
861.1111111111112,1972.2222222222222,0.8999999999999997
916.6666666666667,1972.2222222222222,0.8999999999999997
972.2222222222222,1972.2222222222222,0.8999999999999997
1027.7777777777778,1972.2222222222222,0.8999999999999997
1083.3333333333335,1972.2222222222222,0.8999999999999997
1138.888888888889,1972.2222222222222,0.8999999999999997
1194.4444444444443,1972.2222222222222,0.8999999999999997
1250,1972.2222222222222,0.8999999999999997
1305.5555555555557,1972.2222222222222,0.8999999999999997
1361.111111111111,1972.2222222222222,0.8999999999999997
1416.6666666666665,1972.2222222222222,0.8999999999999997
1472.2222222222222,1972.2222222222222,0.8999999999999997
1527.7777777777778,1972.2222222222222,0.8999999999999997
1583.3333333333335,1972.2222222222222,0.8999999999999997
1638.888888888889,1972.2222222222222,0.8999999999999997
1694.4444444444446,1972.2222222222222,0.8999999999999997
1750,1972.2222222222222,0.8999999999999997
1805.5555555555557,1972.2222222222222,0.8999999999999997
1861.111111111111,1972.2222222222222,0.8999999999999997
1916.6666666666665,1972.2222222222222,0.8999999999999997
1972.2222222222222,1972.2222222222222,0.8999999999999997
2027.7777777777778,1972.2222222222222,0.8999999999999997
2083.3333333333335,1972.2222222222222,0.8999999999999997
2138.8888888888887,1972.2222222222222,0.8999999999999997
2194.4444444444443,1972.2222222222222,0.8999999999999997
2250,1972.2222222222222,0.8999999999999997
2305.5555555555557,1972.2222222222222,0.8999999999999997
2361.1111111111113,1972.2222222222222,0.8999999999999997
2416.6666666666665,1972.2222222222222,0.8999999999999997
2472.222222222222,1972.2222222222222,0.8999999999999997
2527.777777777778,1972.2222222222222,0.8999999999999997
2583.3333333333335,1972.2222222222222,0.8999999999999997
2638.8888888888887,1972.2222222222222,0.8999999999999997
2694.4444444444443,1972.2222222222222,0.8999999999999997
2750,1972.2222222222222,0.8999999999999997
2805.5555555555557,1972.2222222222222,0.8999999999999997
2861.1111111111113,1972.2222222222222,0.8999999999999997
2916.6666666666665,1972.2222222222222,0.8999999999999997
2972.2222222222226,1972.2222222222222,0.8999999999999997
